name,amenity,email,phone,website,instagram,address,neighborhood
"1 2 3 Burger Shot Beer","bar","info@123burgershotbeer.com","+1-212-315-0123","http://123burgershotbeer.com","","738 10th Avenue","New York"
"18th Ward Brewing","pub","info@18thwardbrewing.com","+1 718-387-4025","https://www.18thwardbrewing.com","","300 Richardson Street",""
"230 Fifth","bar","info@230-fifth.com","+12122461000","https://230-fifth.com/","230fifthrooftop","230 5th Avenue",""
"ABC Beer Co.","bar","abcbeerco@gmail.com","+1 646-422-7103","https://www.abcbeer.co/","https://www.instagram.com/abcbeerco","96 Avenue C",""
"Ace Bar","bar","reservations@acebar.com","+1-212-979-8476","https://acebar.com/","","531 East 5th Street",""
"Achilles Heel","bar","hello@achillesheelnyc.com","+1-347-987-3666","https://www.achillesheelnyc.com/","","180 West Street","Brooklyn"
"Albert’s Bar","bar","info@albertsbar.com","+1 212-597-9345","https://www.albertsbar.com/location/alberts-bar/","","140 East 41st Street",""
"Alewife Brewing","bar","info@alewife.beer","+1 347-808-0464","https://www.alewife.beer/","alewifebrewing","41-11 39th Street",""
"At Cave","bar","atcave@info.com","","https://www.atcave.com/","at_cave_nyc","103 East 2nd Street",""
"Bailey's Corner Pub","pub","baileyscornerpub@gmail.com","+1 212-650-1341","https://www.baileysnyc.com/","","1607 York Avenue",""
"Bar 43","bar","info@bar43.com","+1 718-361-3090","https://bar43.com","bar43ny","43-06 43rd Street","Sunnyside"
"Bar Felice","bar","barfelice@felicenyc.com","+1 212-249-4080","https://www.felicenyc.com/felice-bar","","1591 1st Avenue",""
"Basik","pub","contact@basikbrooklyn.com","+1 347-889-7597","https://www.basikbrooklyn.com","basikbrooklyn","323 Graham Avenue",""
"Beer Authority","pub","info@beerauthoritynyc.com","+1-212-510-8415","https://www.beerauthoritynyc.com/","@beerauthoritynyc","300 West 40th Street","New York"
"Biddy's Pub","bar","biddys@biddysnyc.com","+1 212-534-4785","https://www.biddysnyc.com/","biddys_pub","301 East 91st Street",""
"Black Crescent","bar","reynolds.livity@gmail.com","+1-347-820-4330","www.blackcrescentnyc.com","blackcrescentny","76 Clinton Street","New York"
"Blaggards Pub","pub","blaggards@verizon.net","+1 212-382-2611","https://blaggardsnyc.com","","8 West 38th Street",""
"Blind Tiger","bar","blindtigeralehouse@gmail.com","+1 212-462-4682","https://www.blindtigeralehouse.com","blindtigeralehouse","281 Bleecker Street","New York"
"Bloom's Tavern","pub","bloomstavern@gmail.com","+1 212-308-9400","https://bloomsnyc.com/","http://instagram.com/bloomstavern","208 East 58th Street",""
"Bondurants","bar","caity@bondurantsnyc.com","+1 929-279-1884","https://bondurantsnyc.com/","bondurantsnyc","303 East 85th Street",""
"Bonus Room","bar","bonusroombar@gmail.com","","http://bonusroombar.com","","991 Wyckoff Avenue","Ridgewood"
"Boyfriend Coop","bar","queers@boyfriend.coop","","https://boyfriend.coop/","boyfriendcoop","1157 Myrtle Avenue","Brooklyn"
"Brandy's Piano Bar","bar","info@brandyspianobar.com","+1 212-744-4949","https://brandyspianobar.com","brandyspianobar","235 East 84th Street",""
"Brouwerij Lane","pub","orders@brouwerijlanenyc.com","+1-347-529-6133","https://www.brouwerijlanenyc.com","","78 Greenpoint Avenue","Brooklyn"
"Buena Onda Mescalera","bar","buenaondany@gmail.com","+1 212-931-6200","https://buenaondany.com/","","1446 1st Avenue",""
"C'mon Everybody","bar","cmoneverybodybk@gmail.com","","https://www.cmoneverybody.com/","","325 Franklin Avenue","Brooklyn"
"Caledonia","pub","info@caledoniabar.com","+1 212-734-4300","https://www.caledoniabar.com","","1609 2nd Avenue",""
"Clandestino","bar","info@clandestinonyc.com","+1-212-475-5505","https://clandestinonyc.com/","","35 Canal Street",""
"Cloud Social","bar","cloudsocialnyc@gmail.com","+1-212-904-1092","https://cloudsocialnyc.com","https://www.instagram.com/cloudsocialnyc/","6 West 32nd Street",""
"d.b.a.","bar","dbafirstavenue@gmail.com","+1 212-475-5097","https://www.facebook.com/dbaeastvillage","","41 1st Avenue",""
"Diamond Lil","bar","diamondlilbar@gmail.com","","https://diamondlilbar.com","","179 Nassau Avenue","Brooklyn"
"District Social","bar","jacqueline@districtsocialnyc.com","+1-212-994-9599","https://districtsocialnyc.com/","","252 West 37th Street",""
"Doc Watson's","pub","docwatsons@gmail.com","+1 212-988-5300","http://docwatsonsnyc.com","docwatsonsnyc","1490 2nd Avenue",""
"Doublé","pub","info@madmanhg.com","+1-914-249-9525","https://www.doublebk.com/","double.nyc","1332 Halsey Street",""
"Dublin House","pub","info@dublinhousenyc.com","","http://www.dublinhousenyc.com/","","225 West 79th Street","New York"
"Dutch Freds","bar","info@dutchfreds.com","+1 646-918-6923","https://dutchfreds.com","dutchfreds","307 West 47th Street",""
"Dutch Kills","bar","info@dutchkillsbar.com","+1 718-383-2724","https://www.dutchkillsbar.com/","dutchkillsbar","27-24 Jackson Avenue",""
"Dylan Murphy's","bar","blake_dillon@hotmail.com","+1 212-988-9434","https://www.dylanmurphysnyc.com/","https://www.instagram.com/dylanmurphysnyc/","1453 3rd Avenue",""
"Eagle Bar","bar","theeaglenyc@aol.com","+1-646-473-1866","https://www.eaglenyc.com/","","554 West 28th Street","New York"
"East End Bar & Grill","bar","info@eastendbar.com","+1 212-348-3783","http://eastendbar.com","","1672 3rd Avenue",""
"East River Bar","bar","Eastriverbar@hotmail.com","+1-718-302-0511","https://eastriverbar.com/","","97 South 6th Street",""
"Easy Lover","bar","info@easyloverbar.com","","https://www.easyloverbar.com","easyloverbk","790 Metropolitan Avenue",""
"Eavesdrop","bar","hello@eavesdrop.nyc","","https://www.eavesdrop.nyc","","674 Manhattan Avenue","Brooklyn"
"Ed's Elbow Room","bar","info@heidishouseny.com","+1 646-649-3764","https://heidishouseny.com/eds-elbow-room","","308 East 78th Street",""
"Eli's Bar 91","bar","bar91@elizabar.com","+1 646-755-3999","https://www.elizabar.com/ElisEssentials_91_Madison.aspx","","1270 Madison Avenue",""
"Ethyl's Alcohol & Food","bar","ethyls.alcohol@gmail.com","+1 212-300-4132","https://ethylsalcohol.com/","https://www.instagram.com/ethylsalcohol.nyc","1629 2nd Avenue",""
"Evil Twin Brewery","bar","info@eviltwin.dk","+1-718-366-1850","https://eviltwin.nyc","@eviltwinbrewingnyc","1616 George Street",""
"Fine Time","bar","finetimebar@gmail.com","+1-718-483-9884","https://finetimebar.com/","","84 Central Avenue",""
"Friends and Lovers","bar","music@fnlbk.com","+1-917-979-3060","https://www.fnlbk.com","@friendsandloversbk","641 Classon Avenue","Brooklyn"
"GMT Tavern","pub","info@gmtnyc.com","+1-646-863-3776","https://gmtnyc.com/","","142 Bleecker Street","New York"
"Gottscheer Hall","pub","info@gottscheerhall.com","+1-718-366-3030","https://www.gottscheerhall.com/","","657 Fairview Avenue","Ridgewood"
"Goyana","bar","bargoyananyc@gmail.com","+1 917-213-4480","https://bargoyana.com","bargoyana","177 East 100th Street",""
"Grace's","bar","info@gracesnyc.com","+1-646-870-0333","https://www.gracesnyc.com/","gracesnyc","252 West 14th Street",""
"Grand Army","bar","events@grandarmybar.com","+1-718-643-1503","https://www.grandarmybar.com/","","336 State Street",""
"Harefield Road","pub","harefieldbrooklyn@me.com","+1 718-388-6870","https.//harefieldroad.com","harefieldroad","769 Metropolitan Avenue",""
"Heavy Woods","pub","heavywoodsbar@gmail.com","+1-929-234-3500","https://www.heavywoodsbar.com/","","50 Wyckoff Avenue",""
"Heidi’s House","bar","info@heidishouse.com","+1 212-249-0069","https://heidishouseny.com","heidishouseny","308 East 78th Street",""
"Hellbender Nighttime Cafe","bar","info@hellbendernighttimecafe.com","","https://www.hellbendernighttimecafe.com/","","68-22 Forest Avenue","Ridgewood"
"Hellcat Annie's taproom","bar","hellcatannies@gmail.com","+1 212-586-2707","https://hellcatannies.com","http://instagram.com/hellcatannies","637 10th Avenue",""
"Highwater Rooftop","bar","info@highwaterrooftop.com","+1-646-869-6710","https://www.highwaterrooftop.com/","","120 Water Street","New York"
"Horn's Hook Tavern","pub","info@hornshooktavern.com","+1 212-879-1500","https://www.hornshooktavern.com","hornshooktavern","1589 1st Avenue",""
"House of Kava","bar","info@houseofkava.com","+1-347-405-8228","https://houseofkava.com/","","238 Central Avenue",""
"Hutch Astoria","bar","info@hutchastoria.com","+1 347-832-0661","https://hutchastoria.com/","hutch_astoria","35-07 31st Avenue",""
"Ida's Nearabout","bar","Carrie@vortexhospitality.com","+1 718-433-1916","https://idasnearabout.com/","idasnearabout","43-13 Queens Boulevard",""
"IYKYK Forest Hills","bar","iykyklounge@gmail.com","+1 718 880 2338","https://www.iykykloungenyc.com/","","70-13 Austin Street","Forest Hills"
"Izzy Rose","bar","info@izzyrosebk.com","+1-929-480-8809","https://www.izzyrosebk.com/","@izzyrosebk","214 Greene Avenue","Brooklyn"
"Jack Demsey's","pub","info@jackdemseys.com","+1 212-629-9899","https://jackdemseys.com/","","36 West 33rd Street","New York"
"Jack Doyle's","pub","info@jackdoylesnyc.com","+1-212-268-1255","https://jackdoylesnyc.com/","","240 West 35th Street",""
"Jack's Fire Department","pub","contact@jacksfiredepartment.com","+1 718-784-9090","https://www.jacksfiredepartment.com/","jacksfiredept","39-46 Skillman Avenue",""
"Jeremy's","bar","info@jeremysnyc.com","+1 646-560-2753","https://jeremysnyc.com","jeremysnyc","1652 2nd Avenue",""
"Judy & Punch","bar","contact@judyandpunch.com","+1-718-626-3101","https://www.judyandpunch.com","","34-08 30th Avenue","Astoria"
"Juke Bar","bar","jukebarbk@gmail.com","+1-347-221-1692","https://bk.jukebarnyc.com/","","400 Troutman Street","Brooklyn"
"Karaoke City","bar","reservations@karaokecitynyc.com","+1 646-791-8318","http://www.karaokecitynyc.com/","KARAOKECITYNYC","22 West 32nd Street",""
"Kato Sake Works","pub","kanpai@katosakeworks.com","+1 917-719-1603","https://www.katosakeworks.com/","https://www.instagram.com/katosakeworks/","379 Troutman Street","Brooklyn"
"Keybar","bar","keybarreservation@gmail.com","+1 212-478-3021","https://www.keybar.com/","","143 Troutman Street","Brooklyn"
"Keys & Heels","bar","parties@keysandheelsnyc.com","+1 917-557-0217","https://www.keysandheelsnyc.com/","keysandheels","1488 2nd Avenue",""
"Kings County Brewers Collective","bar","info@kcbcbeer.com","+1-929-234-6557","https://kcbcbeer.com/","","381 Troutman Street","Brooklyn"
"Left Hand Path","bar","lefthandpathbk@gmail.com","","https://lefthandpathbk.com/","","89 Wyckoff Avenue",""
"Lexington Publick","pub","LexingtonPublickNYC@gmail.com","+1 646-799-9494","https://www.lexingtonpublicknyc.com/","lexingtonpublicknyc","1504 Lexington Avenue",""
"LIC Bar","bar","contact@licbar.com","+1 718 786 5400","https://www.licbar.com/","","45-58 Vernon Boulevard","Long Island City"
"Little Rascal Bar","bar","littlerascalbar@gmail.com","+1-646-971-2400","https://www.littlerascalrestaurant.com/greenpoint","","130 Franklin Street","Brooklyn"
"Luke’s Bar & Grill","pub","lukesbargrill@gmail.com","+1 212-249-7070","https://lukesbarandgrill.com/","lukesbargrill","1394 3rd Avenue","New York"
"Madeline's","bar","info@madelinesnyc.com","","https://madelinesnyc.com","","113 Franklin Street","Brooklyn"
"Maggie Mae's Bar","bar","info@maggiemaesbar.com","+1 718-433-3057","https://maggiemaesbar.com/","maggiemaesbar","41-15 Queens Boulevard",""
"Maggie's Place","pub","maggiesplace@erols.com","+1 212-753-5757","https://www.maggiesnyc.com/","https://instagram.com/maggiesplacenyc","21 East 47th Street","New York"
"Malone's Irish Bar & Grill","pub","info@malonesnyc.com","+1 646-858-0110","https://malonesnyc.com/","","692 3rd Avenue","New York"
"Manhatta","bar","info@manhattarestaurant.com","+1 212-230-5788","https://www.manhattarestaurant.com","manhatta_nyc","28 Liberty Street",""
"Melody's Piano Bar","bar","melodyspianobar@gmail.com","+1 646-559-2808","https://www.melodyspianobar.com/","melodyspianobar","1020 Lexington Avenue",""
"Mercury Bar","bar","info@mercurybarnyc.com","+1 212-262-7755","https://mercurybarnyc.com/","","659 9th Avenue",""
"Midnight Cafe","bar","info@midnighttheatre.com","+1-212-715-8686","https://www.hiddenleafnyc.com/","","75 Manhattan West Plaza","New York"
"Mother's","pub","mothersburgers@gmail.com","+1 718-384-7778","https://mothersbrooklyn.com","mothersburgers","347 Graham Avenue",""
"Mr. Fong's","bar","info@mrfongsnyc.com","+1-646-964-4540","https://mrfongs.com","","40 Market Street","New York"
"Nobody Told Me","bar","dumbo@nobodytoldme.nyc","","https://nobodytoldme.squarespace.com/dumbo","","188 Front Street","Brooklyn"
"Nowadays","bar","hello@nowadays.nyc","+1-347-523-8535","https://nowadays.nyc/","","56-06 Cooper Avenue","Queens"
"Olympia Bar","bar","kjdumbo68@gmail.com","+1-718-624-7900","https://olympiawinebar.com","","54 Jay Street","Brooklyn"
"Ophelia Lounge NYC","bar","info@opheliany.com","+1 212-980-4796","https://www.opheliany.com/","https://www.instagram.com/opheliany/","3 Mitchell Place",""
"Osamil","pub","info@osamil.com","+1 212-300-4713","https://www.osamil.com","osamilnyc","5 West 31st Street",""
"Peter Dillon's","pub","peterdillons36@gmail.com","+1-212-300-4091","https://www.peterdillons.com/","","2 East 36th Street","New York"
"Phoenix Bar","bar","brenda@phoenixbarnyc.com","+1-212-477-9979","https://www.phoenixbarnyc.com/","","447 East 13th Street","New York"
"Pig 'N' Whistle On 36th","pub","info@pignwhistleon36th.com","+1-212-239-4820","https://pignwhistleon36th.com/","","202 West 36th Street",""
"Praga Tapas Bar","bar","golenp312000@yahoo.com","+1 646-246-4060","https://pragatapas.com/","https://www.instagram.com/pragatapasny/?hl=en","63-10 Broadway","Woodside"
"Public Records","bar","hello@publicrecords.nyc","+1-347-529-4869","https://publicrecords.nyc","","233 Butler Street",""
"Reclamation Bar","bar","info@reclamationbar.com","+1 718-387-5178","https://www.reclamationbar.com","reclamationbar","817 Metropolitan Avenue",""
"Reif's Tavern","bar","tarynreif13@gmail.com","+1 212-426-0519","https://www.reifsbar.com","","302 East 92nd Street",""
"ReVision Lounge and Gallery","bar","revisionlounge@gmail.com","+1-646-490-7271","http://www.revisionlounge.com/","","219 Avenue B",""
"Ryan's Daughter","bar","info@ryansdaughter.nyc","+1 212-628-2613","https://ryansdaughter.nyc","ryansdaughterny","350 East 85th Street",""
"Scallywag's Irish Pub","pub","ScallywagsNYC@gmail.com","+1-646-490-4803","https://scallywagsnyc.com/","","508 9th Avenue",""
"Side Door","bar","info@sidedoornyc.com","+1 646-422-7660","https://www.sidedoornyc.com/","sidedoornyc","151 East 57th Street",""
"Singlish","bar","hello@singlishnyc.com","+16466092633","https://singlishnyc.com","","17 East 13th Street","New York"
"Society Billiards + Bar","bar","info@societybilliards.com","","https://societybilliards.com","society_billiards","10 East 21st Street",""
"St. Pat's Bar & Grill","bar","info@stpatsbar","+1-212-239-1111","https://stpatsbar.com","https://www.instagram.com/stpatsbarnyc/","22 West 46th",""
"Stitch Bar & Lounge","bar","info@stitchnyc.com","+1-212-852-4826","https://stitchnyc.com/","","247 West 37th Street",""
"Stumble Inn","bar","thestumbleinn@nycbestbars.com","+1 212-650-0561","http://thestumbleinn.eatdrinkandbemerry.com/","https://www.instagram.com/thestumbleinnnyc/","1454 2nd Avenue",""
"Sunny's","bar","info.sunnysbar@gmail.com","+1-718-625-8211","https://www.sunnysredhook.com","","253 Conover Street",""
"Sunshine Laundromat & Pinball","bar","pinball@sunshinelaundromat.com","+1-718-475-2055","https://sunshinelaundromat.com","","860 Manhattan Avenue","Brooklyn"
"Sweetwater Social","bar","events@drinksweetwater.com","+1-212-253-0477","https://www.drinksweetwater.com/","","643 Broadway",""
"Swift Hibernian Lounge","pub","info@swiftnycbar.com","+1 212-260-3600","https://www.swiftnycbar.com/","https://www.instagram.com/swifthibernianlounge/","34 East 4th Street","New York"
"The Anchored Inn","pub","eightydowd@gmail.com","+1-718-576-3297","https://theanchoredinn.com/","","57 Waterbury Street","Brooklyn"
"The Back Room","bar","thebackroomnyc@yahoo.com","+1-212-228-5098","https://www.backroomnyc.com","","102 Norfolk Street",""
"The Bad Old Days","bar","info@thebadolddays.com","+1-347-696-0612","https://thebadolddays.com/","","1684 Woodbine Street","Ridgewood"
"The Beast Next Door Cafe & Bar","bar","info@thebeaatnextdoor.com","+1 718-255-1612","https://www.thebeastnextdoor.com","","42-51 27th Street",""
"The Bitter End","bar","info@bitterend.com","+1-212-673-7030","https://bitterend.com/","","147 Bleecker Street",""
"The Bowery Beer Garden","bar","info@kitchen93.com","+1 212-343-8111","https://www.thebowerybeergarden.com","","93 Bowery",""
"The Burgary","pub","info@theburgary.com","+1 212-529-6900","https://www.theburgary.com","theburgary","67 Clinton Street",""
"The Django","bar","info@thedjangonyc.com","+1-212-519-6649","https://www.thedjangonyc.com/","","2 6th Avenue","New York"
"The Evergreen","bar","evergreenbarbk@gmail.com","+1-718-484-7399","https://www.theevergreenbar.com/","","109 Moffat Street","Brooklyn"
"The Footlight Bar","bar","footlightbar@gmail.com","+1-718-673-8211","https://thefootlightbar.nyc/","https://instagram.com/thefootlightbar","465 Seneca Avenue","Ridgewood"
"The Gordon Bar","bar","events@mercerstreethospitality.com","+1-212-219-3200","https://www.thegordonbar.com/","","60 Thompson Street",""
"The Grafton","pub","info@thegraftonnyc.com","+1-212-228-8580","http://www.thegraftonnyc.com/","","126 1st Avenue","New York"
"The Hairy Lemon","pub","info@hairylemonnyc.com","+1-646-869-2151","https://www.hairylemonnyc.com/","","28 Avenue B","New York"
"The Hidden Pearl","bar","info@hiddenpearlbk.com","+1-718-383-3291","https://www.hiddenpearlbk.com","","621 Manhattan Avenue","Brooklyn"
"The Houndstooth Pub","pub","info@houndstoothpub.com","+1 212-643-0034","https://www.houndstoothpub.com/","houndstoothpub","520 8th Avenue",""
"The Malt House","pub","hello@themalthousenyc.com","+1-212-228-7713","https://www.themalthousevillage.com/","","206 Thompson Street",""
"The Otheroom","bar","otheroomevents@gmail.com","+1-212-645-9758","https://theotheroomnyc.com/","","143 Perry Street",""
"The Owl's Tail","bar","info@owlstail.com","+1-646-609-3906","https://www.owlstail.com","owlstail","215 West 75th Street","New York"
"The Palace","bar","thegreenpointpalace@gmail.com","+1 718-383-3476","https://www.greenpointpalace.com","https://www.instagram.com/thegreenpointpalace","206 Nassau Avenue",""
"The Penrose","pub","info@penrosebar.com","+1 212-203-2751","https://www.penrosebar.com","penrosebar","1590 2nd Avenue",""
"The Pony Bar","pub","theponybar@gmail.com","+1 212-288-0090","https://theponybar.com","theponybarnyc","1444 1st Avenue",""
"The Rabbit Hole","bar","info@therabbithole.nyc","+1 718 255 1271","https://www.therabbithole.nyc/","","38-04 Broadway","Astoria"
"The Red Lion","bar","info@redlionnyc.com","+1-212-260-9797","https://redlionnyc.com/","","151 Bleecker Street",""
"The Skylark","bar","info@theskylarknyc.com","+1-212-257-4577","https://theskylarknyc.com/","","200 West 39th Street",""
"The Tradesman Bar","bar","info@tradesmanbar.com","+1-718-386-5300","https://tradesmanbar.com/","","222 Bushwick Avenue",""
"Tipsy Mandala","bar","Tipsymandala@gmail.com","+1 347-837-2403","https://www.buddhabarqueens.com","https://www.instagram.com/buddhabarqueens/","70-04 Roosevelt Avenue","Jackson Heights"
"Tørst","bar","info@torstnyc.com","+1-718-389-6034","https://www.torstnyc.com","","",""
"Troost","bar","troostnyc@gmail.com","","https://troostny.com","","1011 Manhattan Avenue","Brooklyn"
"Twins Lounge","bar","twinsloungenyc@gmail.com","","https://www.instagram.com/twinsloungenyc","","732 Manhattan Avenue","Brooklyn"
"Union Pool","bar","info@union-pool.com","","https://www.union-pool.com","","484 Union Avenue",""
"Vacations Bar & Rooftop","bar","EVENTS@VACATIONSBK.COM","+1-929-614-5409","https://www.vacationsbk.com/","VACATIONSBK","48 Cypress Avenue",""
"Valhalla","bar","valhallabarnyc@gmail.com","+1-212-757-2747","https://valhallabarnyc.com/","","",""
"Wonderville","bar","hello@wonderville.nyc","","https://wonderville.nyc/","https://instagram.com/wondervillenyc","1186 Broadway","Brooklyn"
"Yours Sincerely","bar","info@yourssincerely.co","","https://yourssincerely.co/","","41 Wilson Avenue",""
"""one star""","bar","theshakes@onestarnyc.com","+1 212-777-0100","","","147 West 24th Street","New York"
"Danger Danger","bar","Music@dangerdanger.bar","","","dangerdangerbar","",""
"101 Wilson Bar","bar","","+1-718-497-1098","https://101wilson.com","","101 Wilson Avenue","Brooklyn"
"11 Tigers","bar","","+1-646-368-1422","https://www.11tigersnyc.com","","",""
"11th Street Bar","pub","","+1-212-982-3929","https://11thstbar.com","","510 East 11th Street","New York"
"142 Sullivan Bar","bar","","+12124772404","https://soho.142sullivan.com","","142 Sullivan Street","New York"
"161 Lafayette","bar","","","https://www.161lafayettebar.com","","161 Lafayette Street",""
"169 Bar","bar","","+1-516-986-7938","https://169barnyc.com","","169 East Broadway","New York"
"2nd Floor Bar & Essen","bar","","+1-212-737-1700","https://2ndfloor.com/","","1442 1st Avenue",""
"3 Dollar Bill","bar","","+1-718-366-3031","https://www.3dollarbillbk.com/","","260 Meserole Street",""
"310 Bowery Bar","bar","","+1-917-409-3036","https://www.310bowery.nyc","","310 Bowery",""
"333 Lounge","bar","","+1-718-399-8008","https://www.333lounge.com/","","",""
"5 Bar Karaoke Lounge","bar","","+1 212-594-6644","https://www.5barkaraoke.com","https://www.instagram.com/5barkaraoke","38 West 32nd Street","New York"
"68 Jay Street Bar","bar","","+1-718-260-8207","https://www.68jaystreetbar.net/","","68 Jay Street","Brooklyn"
"8848 NYC","bar","","","https://8848.nyc/","https://www.instagram.com/8848nyc/?hl=en","38-19 69th Street","Woodside"
"Abe's Pagoda Bar","pub","","+1-718-366-6913","https://www.abespagodabar.com/","","108 Wyckoff Avenue",""
"Abilene","pub","","+1-718-522-6900","https://www.abilenebarbrooklyn.com","","442 Court Street",""
"Accidental Bar","bar","","","https://www.accidentalbar.com","","98 Avenue C",""
"Alligator Lounge","bar","","+1-718-599-4440","https://www.alligatorloungebrooklyn.com","","",""
"Alphaville","pub","","+1-347-508-5006","https://www.alphavillebk.com/","","140 Wilson Avenue",""
"Altar","bar","","","https://altarnyc.com/","","645 Sterling Place",""
"Amity Hall","pub","","+1-212-677-2290","https://downtown.amityhallnyc.com","","",""
"Amor y Amargo","bar","","","https://www.amoryamargo.com/","","188 Havermeyer Street","Brooklyn"
"Amor y Amargo","bar","","","https://www.amoryamargo.com/pages/the-original","","443 East 6th Street","New York"
"Amor y Amargo General Store","bar","","","https://www.amoryamargo.com/pages/general-store","","95 Avenue A",""
"Ampersand","bar","","+1-212-477-8100","https://www.ampersandbarnyc.com","","",""
"Amsterdam Ale House","pub","","","http://www.amsterdamalehouse.com/","","",""
"Amsterdam Billiards & Bar","bar","","+1 212-995-0333","https://amsterdambilliards.com/","","",""
"Analogue","bar","","+1-212-432-0200","https://www.analoguenyc.com","","",""
"Anotheroom","bar","","+1-212-226-1418","https://anotheroom.business.site/","","249 West Broadway",""
"Apothéke","bar","","","https://www.apothekenyc.com/","","9 Doyers Street","New York"
"Arlene's Grocery","bar","","+1-212-358-1633","https://arlenesgrocery.net/","","95 Stanton Street",""
"Armada","bar","","","https://www.armadanyc.com","","86 Orchard Street","New York"
"As is NYC","bar","","+16468581153","https://www.asisnyc.com/","","734 10th Avenue","New York"
"Attaboy","bar","","+1 218-555-4421","https://attaboy.us/nyc","","134 Eldridge Street","New York"
"Auction House","bar","","+1 212-427-4458","http://theauctionhousenyc.com/","","300 East 89th Street",""
"Augers Well","bar","","","https://augurswellbar.com","","",""
"Aunt Ginny's","bar","","","http://auntginnys.com/","https://www.instagram.com/auntginnys","652 Woodward Avenue","Ridgewood"
"Avoca","bar","","+1 212-202-0140","https://avoca-nyc.com","avoca_nyc","1678 1st Avenue",""
"AWOL Bar and Grill","bar","","+1-646-682-9405","https://www.goawolnyc.com","","337 3rd Avenue","New York"
"B-Side","bar","","","https://www.bsidenyc.bar","","",""
"Baby Jane's","bar","","+1-646-469-3333","https://dickandjanesbk.com","","899 Fulton Street","Brooklyn"
"Back Pocket Bar","bar","","","https://www.pocketbarnyc.com/","","462 West 49th Street","New York"
"Bad Habits Astoria","bar","","+1-347-738-5989","https://www.badhabitsastoria.com","","32-03 Broadway","Astoria"
"Baker Falls","bar","","","https://bakerfalls.com","","",""
"Bantry Bay Publik House","bar","","+1 718-784-9500","https://bantrybaynyc.com/","","33-01 Greenpoint Avenue","Long Island City"
"Banzarbar","bar","","+1-212-420-0012","https://www.banzarbar.com","","2 Freeman Alley","New York"
"Bar 54","bar","","+1 646 364 1234","https://www.bar54nyc.com","","135 West 45th Street","New York"
"Bar Americano","bar","","","https://www.baramericanonyc.com","","180 Franklin Street","Brooklyn"
"Bar Birba","bar","","+1-718-230-3933","https://www.barbirba.com","","",""
"Bar Francis","bar","","+1-718-885-4728","https://www.barfrancisnyc.com","","810 Fulton Street",""
"Bar Goto","bar","","","https://www.bargoto.com","","",""
"Bar Jamón","bar","","","https://casamononyc.com","","125 East 17th Street","New York"
"Bar Laika","bar","","+1-347-529-4321","https://www.laika.bar","","",""
"Bar Louise","bar","","+1-347-725-3883","https://www.barlouisenyc.com","","",""
"Bar LunAtico","bar","","+1-718-513-0339","https://www.barlunatico.com/","","486 Halsey Street","Brooklyn"
"Bar Meridian","bar","","","https://www.barmeridian.com","","406 Prospect Place","Brooklyn"
"Bar Pasquale","bar","","","https://www.barpasquale.com","","",""
"Bar Rêve","bar","","","https://barreve.com/","","222 Smith Street",""
"Bar San Miguel","bar","","+1-718-855-2490","https://barsanmiguelbrooklyn.com","","",""
"Bar Snack","bar","","","https://www.barsnacknyc.com","","92 2nd Avenue",""
"Bar Thalia","bar","","+1-646-597-7340","https://www.symphonyspace.org/bar-thalia","","2537 Broadway","New York"
"Bar Valentina","bar","","+1-646-476-4523","https://barvalentinanyc.com","","85 Orchard Street","New York"
"Bar Veloce","bar","","","https://www.winebarveloce.com","","175 2nd Avenue",""
"Bar Veloce","bar","","","https://winebarveloce.com/greenwich-village-new-york-location/","","146 West Houston Street",""
"Bar Veloce","bar","","","https://www.winebarveloce.com","","245 Bowery","New York"
"Barbès","bar","","+1-347-422-0248","https://www.barbesbrooklyn.com","","",""
"Barcade","bar","","+1 718-302-6464","https://barcadebrooklyn.com","","388 Union Avenue","Brooklyn"
"Barcade","bar","","+1 212-390-8455","https://barcadenewyork.com","","148 West 24th Street","New York"
"Barcade","bar","","+1-212-388-0522","https://barcadestmarks.com/","","",""
"Bareburger","pub","","+1-646-922-7169","https://www.bareburger.com/","","251 East 52nd Street",""
"Barfly","bar","","+1-212-473-9660","http://barflyny.com/","","244 3rd Avenue","New York"
"Bathtub Gin","bar","","+1-646-559-1671","https://bathtubginnyc.com","","",""
"Beauty Bar","bar","","+1-212-539-1389","https://www.thebeautybar.com/about-new-york","","231 East 14th Street","New York"
"Beer Run UWS","bar","","","https://www.beerrun.nyc","","",""
"Beer Street South","bar","","","https://www.beerstreetny.com/beer-street-south-menu","","",""
"Bemelmans Bar","bar","","+1 212-744-1600","https://m.rosewoodhotels.com/en/the-carlyle-new-york/dining/bemelmans-bar","","35 East 76th Street",""
"Bergamo's","bar","","","https://www.bergamos.co/","","22 Vanderbilt Avenue",""
"Berlin Under A","bar","","+1-212-505-2466","https://berlin.nyc","","25 Avenue A","New York"
"BIBA","pub","","","http://bibawilliamsburg.com/","","",""
"Bibi Wine Bar","bar","","+1-212-673-2424","https://bibiwinebar.com","","211 East 4th Street",""
"Bier Wax","bar","","+1-347-533-8449","https://www.bierwaxnyc.com","bierwax","",""
"BierWax Queens","bar","","","https://www.bierwaxqueens.com/","","16-80 Madison Street",""
"Birdland Jazz Club","bar","","+1-212-581-3080","https://www.birdlandjazz.com/","","315 West 44th Street","New York"
"Bisou Wine Bar","bar","","","https://bisoubarnyc.com/","bisoubarnyc","112 6th Avenue",""
"Bitter Monk","bar","","","https://www.bittermonk.com/","","68 34th Street",""
"Black Forest Brooklyn","pub","","+1-718-522-1806","https://www.blackforestbrooklyn.com","","",""
"Black Iron Burger","pub","","+1-646-476-3116","https://www.blackironburger.com/location/black-iron-burger-midtown-west/","","245 West 38th Street",""
"Black Mountain","bar","","+1-718-522-4340","https://www.blkmtnwinehouse.com","","415 Union Street",""
"Bleecker Street Bar","bar","","+1-212-466-6482","https://bleeckerstreetbarnyc.com/","","648 Broadway",""
"Blinky's","bar","","+1-334-398-1109","https://www.blinkysbar.com","","",""
"Block Hill Station","bar","","+1-347-689-4055","https://blockhillstation.com","","",""
"Blue Haven","pub","","+1-646-678-4200","https://bluehaveneast.com","","",""
"Blueprint","bar","","+1-718-622-6644","https://www.blueprintbrooklyn.com/","","",""
"BLVD Wine Bar","bar","","","https://www.blvdlic.com/","","4720 Center Boulevard","Long Island City"
"bOb Bar","bar","","+1-212-529-1807","https://www.bobbarnyc.com/","","235 Eldridge Street","New York"
"Bob's Your Uncle","bar","","","http://www.bobsyouruncle.nyc/","","929 Columbus Avenue","New York"
"Bobby's Night Out","bar","","+1-917-261-2159","https://www.bobbysnightout.com","","145 Avenue C",""
"Bon Courage","bar","","","https://1803nyc.com/new-york-tribeca-1803-nyc-bon-courage","","82 Reade Street","New York"
"Bonnie Vee","bar","","+1 917-639-3352","https://www.bonnievee.com/","","17 Stanton Street","New York"
"Boobie Trap","bar","","+1-347-240-9105","https://www.boobietrapbrooklyn.com/","","308 Bleecker Street",""
"Bootleg Bar","bar","","+1-347-715-6307","http://bootlegbarnyc.com/","","1438 Myrtle Avenue",""
"Boss Tweeds","pub","","","https://bosstweeds.nyc/","","41 Murray Street",""
"Botanica","bar","","","https://widowjane.com/botanica","","220 Conover Street",""
"Botantica Bar","bar","","+1-212-343-7251","https://botanicabarnyc.com","","",""
"Botte","bar","","","https://www.botterestaurants.com/astoria/","","35-01 Ditmars Boulevard","Astoria"
"Bounce Sporting Club","bar","","+1-201-596-4666","https://www.bouncesportingclub.com","","55 West 21st Street","New York"
"Bowery Palace","bar","","+1-212-228-0228","https://www.bowerypalace.com/","","327 Bowery",""
"Brandy Library","bar","","+1 212 2265545","https://www.brandylibrary.com/","","25 North Moore Street",""
"Brass Monkey","bar","","+1 212 675 6686","https://brassmonkeynyc.com/","","55 Little West 12th Street","New York"
"Brewer's Row","pub","","","https://www.brewersrownyc.com","","228 7th Avenue","Brooklyn"
"Brick","bar","","","https://www.brickwinebar.com","","21 Clinton Street","New York"
"Bridge and Tunnel Brewery","bar","","+13473928593","https://www.bridgeandtunnelbrewery.com/","","1535 Decatur Street",""
"Broadway Dive","bar","","+1-212-865-2662","https://dive101.divebarnyc.com/","","2662 Broadway","New York"
"Brooklyn Blew Smoke Cigar Room","bar","","+1-718-789-7665","http://www.blewsmokeonline.com","","",""
"Brooklyn Brewery","pub","","+1 718 486 74 22","https://brooklynbrewery.com/visit-us/","","79 North 11th Street","Brooklyn"
"Brooklyn Brewhouse","pub","","+1-718-254-7813","http://brooklynbrewhouse.com","","",""
"Brooklyn Kava","bar","","+1-718-484-2330","https://brooklynkava.com/","","191 Suydam Street",""
"Brooklyn Public House","pub","","","https://www.brooklynpublic.com/","","247 DeKalb Avenue",""
"Brooklyn Safehouse","bar","","+1-718-349-6895","https://brooklynsafehouse.com","","120 Franklin Street","Brooklyn"
"Brooklyn Social","bar","","+1-718-858-7758","https://brooklynsocialbar.com/","","",""
"Brookvin","bar","","+1-718-768-9463","https://brookvin.com/","","",""
"Buddy's","pub","","+1-646-590-0122","https://www.buddysnyc.com/","","354 3rd Avenue",""
"Bunton's World Famous","bar","","+1-718-758-4474","https://buntonsworldfamous.com","","",""
"Bushwick Country Club","bar","","","https://www.bushwickcountryclub.com","","",""
"BXL Cafe","pub","","+1-212-768-0200","https://www.bxlrestaurants.com/location/cafe/","","125 West 43rd Street","New York"
"Calabrije's Margaritas & Tacos","pub","","+1-718-484-2110","https://www.calabrijesnyc.com/","","234 Starr Street","Brooklyn"
"Call Box Lounge","bar","","+1-718-384-0179","https://thecallboxlounge.com/","","2 Lombardy Street",""
"Canal Bar","bar","","+1-718-246-0011","http://canalbar.com","canalbarbklyn","",""
"Captain Dan's","pub","","+1-718-975-3887","https://www.captdansgoodtimetavern.com","","497 Greene Avenue","Brooklyn"
"Carlow East","bar","","+1 212-744-6397","https://www.carloweastbar.com","","1254 Lexington Avenue",""
"Carragher's","pub","","+1-646-370-1545","https://www.carraghersnyc.com/","https://www.instagram.com/carrasnyc","229 West 39th Street","New York"
"Cassette","bar","","+1-917-966-6078","https://sundownbar.com","","68-38 Forest Avenue","Ridgewood"
"Cellar Dog","bar","","+1-212-675-6056","https://www.cellardog.net/","","75 Christopher Street",""
"Champagne Problems","bar","","+1 646-386-7733","https://champagneproblemsnyc.com","","207 Bowery","New York"
"Characters NYC Bar & Lounge","pub","","+1 212 459 8904","http://charactersnyc.com/","","243 West 54th Street","New York"
"Charleston","bar","","+1-718-599-9599","https://www.charlestonbarbrooklyn.com","","",""
"Cherry Tavern","bar","","+1 212 777 1448","https://cherrytavern.com/","","141 East 6th Street","New York"
"Chez Zou","bar","","+1-212-380-8585","https://www.chezzou.com/","","385 9th Avenue","New York"
"Chill Lounge Oven Grill","bar","","+1 917-832-7880","https://chillastoria.com/","chillastoria","42-12 Broadway",""
"Chilo's","pub","","","https://www.chilosbk.com/chilos-bed-stuy-tacos","","",""
"Chinato","bar","","+1 939-459-0190","https://www.chinatonyc.com/","","108 Stanton Street","New York"
"Circa Brewing Co.","bar","","+1-718-858-0055","https://www.circabrewing.co","","141 Lawrence Street",""
"Clara's","bar","","+1-347-295-1338","https://clarasbushwick.com/","","53 Wilson Avenue",""
"Clem's","bar","","+1-718-387-9617","https://www.facebook.com/Clems-120297021319544/","","264 Grand Street","Brooklyn"
"Clinton Hall","bar","","+12123636000","http://www.clintonhaklny.com","","90 Washington Street",""
"Clockwork Bar","bar","","","https://www.clockworknyc.com/","","21 Essex Street","New York"
"cloudM Rooftop-Bar","bar","","+1 212-372-7274","https://www.citizenm.com/cloudm/new-york-bowery","","189 Bowery","New York"
"Clover Club","bar","","+1-718-855-7939","https://cloverclubny.com","","",""
"Club Cumming","bar","","+1-917-265-8006","https://clubcummingnyc.com/","","505 East 6th Street","New York"
"Common Country","bar","","","https://www.commoncountrybar.com","","",""
"Commonwealth","bar","","+1-718-768-2040","https://commonwealthbar.com","","",""
"Compagnie des Vins Surnaturels","bar","","+1-212-343-3660","https://www.compagnienyc.com/","","249 Centre Street",""
"Congress","bar","","","https://www.congressbarbk.com","","208 Court Street",""
"Connolly's","pub","","","https://www.connollyspubandrestaurant.com/","","43 West 54th Street","New York"
"Conor's Goat","pub","","+1-646-410-0040","https://conorsgoat.com","","",""
"Coopers Craft & Kitchen","pub","","+1-646-606-2384","https://www.coopersnyc.com","","87 2nd Avenue",""
"Copper & Oak","bar","","+1-212-460-5546","https://copperandoak.com","","157 Allen Street","New York"
"Corkbuzz Wine Bar and Restaurant","bar","","+1-646-237-4847","http://chelsea.corkbuzz.com","","75 9th Avenue",""
"Corner bistro","bar","","+1 212 242 9502","http://cornerbistrony.com/","","",""
"Corner Bistro East","pub","","+1-917-388-2198","https://www.cornerbistrony.com","","94 Avenue A",""
"Covenhoven","pub","","+1-718-483-9950","https://www.covenhovennyc.com","","730 Classon Avenue","Brooklyn"
"Craft & Carry","bar","","+1-917-472-7723","https://www.craftandcarry.beer/upper-west-side","","466 Amsterdam Avenue","New York"
"Cronin & Phelan's","pub","","+1 718-545-8999","https://www.croninandphelans.com/","","38-14 Broadway",""
"Croton Reservoir Tavern","pub","","+1-212-997-6835","https://www.crotonnyc.com","","",""
"Crown Inn","bar","","+1-334-463-0756","https://crowninnbk.com","","724 Franklin Avenue",""
"Crystal Lake Brooklyn","bar","","+1-347-725-3337","https://www.crystallakebrooklyn.com/","","647 Grand Street",""
"cubbyhole","bar","","","https://www.cubbyholebar.com/","","281 West 12th Street",""
"Dakota Bar","bar","","+1-212-787-0700","https://www.thedakotabar.nyc","","53 West 72nd Street","New York"
"Dark Horse","bar","","","https://www.darkhorseny.com","","17 Murray Street",""
"Darling","bar","","+1-212-371-4000","https://www.darlingrooftop.com/","","36 Central Park South",""
"Dear Irving","bar","","","https://www.dearirving.com","","55 Irving Place",""
"Dear Irving on Hudson","bar","","+1-917-261-6908","https://www.dearirving.com/","","314 West 40th Street",""
"Death & Company","bar","","+1-212-388-0882","https://deathandcompany.com/","","433 East 6th Street",""
"Decibel","bar","","+1-212-979-2733","https://www.sakebardecibel.com","","",""
"Deux Chats","bar","","","https://www.deuxchatsbk.com/","","27 Broadway",""
"Diamond Dogs","bar","","+1-929-522-0061","https://www.instagram.com/diamonddogsnyc/","","34-04 31st Avenue",""
"District Tap House","bar","","+1 212 221 1822","http://www.districttaphouse.com/","","246 West 38th Street","New York"
"Dive 75","bar","","","https://dive75.divebarnyc.com","","101 West 75th Street","New York"
"Dive Bar","bar","","","https://divebarnyc.com","","732 Amsterdam Avenue","New York"
"Dive Bar BK","bar","","+1-718-808-1028","https://www.divebarbk.com/","","408 Troutman Street","Brooklyn"
"Dive Bar LIC","bar","","+1-718-304-8154","https://www.divebarlic.com/","","33-10 36th Avenue","Long Island City"
"Do or Dive","bar","","+1-718-684-2290","https://www.doordivebedstuy.com/","","1103 Bedford Avenue",""
"Dog & Bone","pub","","+1-212-889-1570","https://www.dogandboneny.com","","338 3rd Avenue",""
"Domaine","bar","","+1-718-784-2350","https://www.domainewinebar.com/","","",""
"Donnybrook","bar","","+1 212-228-7733","https://www.donnybrookpubnewyork.com/","","35 Clinton Street","New York"
"Doppelgänger","bar","","+1-718-576-3259","https://www.doppelgangernyc.com/","","",""
"Doris","bar","","+1-347-240-3350","https://dorisbedstuy.com","","",""
"Double Chicken Please","bar","","+1 646-678-5452","https://doublechickenplease.com/","","115 Allen Street","New York"
"Double Windsor","pub","","","https://www.doublewindsorbklyn.com","","",""
"Down the Hatch","bar","","+1-212-627-9747","https://www.downthehatchnyc.com/","downthehatchnyc","179 West 4th Street",""
"Downtown Social","bar","","+1-212-228-8020","https://www.downtownsocialnyc.com","","",""
"Dram Shop","pub","","+1-929-276-3452","https://www.dramshopbrooklyn.com","","",""
"Drums and Flats","pub","","","https://www.drumsandflatsbk.com/","","",""
"DSK Brooklyn","pub","","+1-347-841-4495","https://dsk-brooklyn.com","","710 Fulton Street",""
"Duff's","bar","","","https://www.timeout.com/newyork/bars/duffs","","168 Marcy Avenue",""
"Dumbo Station","bar","","","https://www.thedumbostation.com","","",""
"Eastpoint","bar","","+1-646-882-0593","https://eastpointnyc.com/","https://www.instagram.com/eastpointnyc/","25 Avenue B",""
"EBBS Brewing Co.","bar","","","https://drinkebbs.com/","","182 North 8th Street",""
"Echo Bravo Bar","pub","","+1-347-542-4117","https://www.echobravobar.com/","","445 Troutman Street",""
"El Nico","bar","","+1-929-594-2028","https://penny-hotel.com/elnico","","288 North 8th Street","Brooklyn"
"Electric Lemon","bar","","+1 212 812-9202","https://electriclemonnyc.com","","33 Hudson Yards",""
"Elevated at Partake NYC","bar","","+1-718-413-8003","https://www.instagram.com/onlyatpartake","","10-29 44th Road","Long Island City"
"Elsie Rooftop","bar","","+1-646-834-2291","https://elsierooftop.com/","","1412 Broadway","New York"
"Emerald Inn","bar","","+1-212-874-8840","https://www.emeraldinnnyc.com","","250 West 72nd Street","New York"
"Empellón Al pastor","bar","","","https://www.empellon.com/restaurants/al-pastor","https://www.instagram.com/empellonalpastor","132 Saint Mark's Place",""
"Entre Nous","bar","","+1-347-294-4186","https://www.entrenousbrooklyn.com/","","39 Clifton Place",""
"Essence","bar","","+1-718-467-3300","https://essencebar.com","","1662 Atlantic Avenue",""
"Evalyn's Tap House","pub","","+1-718-210-1899","https://www.evalynstaphouse.com","","236 Butler Street",""
"Eve's Lounge","bar","","+1-347-442-5959","https://eves769.com","","769 Washington Avenue",""
"Evil Twin Brewing DUMBO","bar","","","https://eviltwin.nyc","","43 Main Street","Brooklyn"
"Excuse My French","bar","","+1-212-780-9600","https://www.excusemyfrench-nyc.com","","96 Orchard Street","New York"
"Fancy Free","pub","","+1-347-763-0024","https://www.fancyfreebk.com","https://www.instagram.com/fancyfreebk/","71 Lafayette Avenue","Brooklyn"
"Fifth Hammer Brewing Company","pub","","","https://www.fifthhammerbrewing.com/","","10-28 46th Avenue","Long Island City"
"Fig. 19","bar","","+1 646-389-4544","https://www.figurenineteen.com","","131 Chrystie Street","New York"
"Finn's Corner","pub","","+1-347-663-9316","https://www.finnscornernyc.com","","660 Washington Avenue","Brooklyn"
"Finnegan's Wake Pub","pub","","+1 212-737-3664","https://finneganswakepubnyc.com","","1361 1st Avenue",""
"Fiona’s Bar","bar","","+1-718-282-2047","https://www.fionasbar.com","","562 Flatbush Avenue",""
"Flaming Saddles Saloon","bar","","+1-212-713-0481","https://flamingsaddles.com/nyc","","793 9th Avenue","New York"
"Flannery's Bar","pub","","","https://www.flannerysny.com/","","205 West 14th Street","New York"
"Flatiron Hall Restaurant and Beer Cellar","pub","","+1-646-790-3200","https://www.flatironhall.com/","","38 West 26th Street","New York"
"Flats Fix","bar","","+1-914-435-0515","https://www.flatsfix.com/location/union-square/","","28 East 16th Street","New York"
"Floyd","bar","","+1-718-858-5810","https://www.floydny.com","","131 Atlantic Avenue",""
"Flûte","bar","","+1 212-265-5169","https://www.flutebar.com/","https://www.instagram.com/FluteBar/","205 West 54th Street",""
"Flying Cock","pub","","+1-212-689-6900","https://www.theflyingcocknyc.com","","",""
"Folk","pub","","+1-718-766-0800","https://www.folkbrooklyn.com","","",""
"Fools Gold","bar","","+1-212-673-2337","https://www.foolsgoldnyc.com/","","145 East Houston Street",""
"Forever Brewing","bar","","+1-347-338-0091","https://foreverhomebrewing.com/","","574A President Street",""
"Forty Four","bar","","","https://www.royaltonhotel.com/","","44 West 44th St.",""
"Franklin 820","pub","","+1-718-708-4113","https://www.franklin820.com","","820 Franklin Avenue",""
"Fred's Dog House","bar","","","https://www.fredsdoghouse.com/","","354 Grand Street",""
"Freddy's","pub","","","https://freddysbar.com","","",""
"Fresh Kills Bar","bar","","+1-718-599-7888","https://freshkillsbar.com","","",""
"Friki Tiki","bar","","","https://thefrikitiki.com/","","357 West 44th Street",""
"Frog Wine Bar","bar","","+1-585-456-1050","https://www.instagram.com/frogwinebar","","358 Marcus Harvey Boulevard",""
"Frying Pan","pub","","","https://www.fryingpan.com/","","",""
"Full Shilling","pub","","+12124223855","https://www.thefullshilling.com/","","","New York"
"Fulton Hall","pub","","+1-718-673-6740","https://fultonhall.com","","",""
"Gardenia Terrace","bar","","+1-212-334-0489","https://www.gardeniaterrace.com","","826 10th Avenue","New York"
"Gaslight Lounge","bar","","","https://www.gaslightnyc.com/","","400 West 14th Street","New York"
"Gebhard's Beer Culture","bar","","+1-646-922-8544","https://www.beerculture.nyc/","","228 West 72nd Street","New York"
"George Keeley","bar","","+1-212-873-0251","https://www.georgekeeley.com","","485 Amsterdam Avenue","New York"
"Ginger's Bar","bar","","","https://www.gingersbarbk.com/","","363 5th Avenue","Brooklyn"
"Glorietta Baldy","bar","","","http://www.gloriettabaldy.com/","","502","Brooklyn"
"Gold Sounds Bar","bar","","+1-718-618-0686","http://goldsoundsbar.com/","","44 Wilson Avenue",""
"Gold Star Beer Counter","pub","","+1 347-955-5031","http://goldstarbeercounter.com","","176 Underhill Avenue","Brooklyn"
"Golden Ratio","bar","","","https://www.goldenrationyc.com","","216 1/2 Greene Avenue",""
"Goldie’s","bar","","","https://goldiesbrooklyn.square.site","","195 Nassau Avenue",""
"Good Judy","bar","","","https://www.goodjudybk.com/","","",""
"Goodnight Sunny","bar","","","https://www.goodnightsonnynyc.com","","134 1st Avenue",""
"Gowanus Gardens","pub","","","https://www.gowanusgardensbk.com","","",""
"Grand Master 95","pub","","","https://grandmaster95.com","","",""
"Grey Bar & Restaurant","bar","","+1-212-532-2643","https://www.greybarnyc.com/","","43 West 26th Street","New York"
"Grey Lady","bar","","+1-646-580-5239","https://www.greyladynyc.com","","77 Delancey Street",""
"Ha-Weeda Tavern","pub","","","https://www.haweedatavern.com","","4575 2nd Avenue",""
"Habana Outpost","bar","","","https://www.habanaoutpost.com/location/habana-outpost-brooklyn/","","",""
"Hair Of The Dog","pub","","+1 212-477-7771","https://www.hairofthedognyc.com/","hairofthedognyc","168 Orchard Street","New York"
"Halsey Ale House","pub","","+1-718-576-6366","https://halseyalehouse.com/","","1204 Halsey Street",""
"Halsey's Tavern","bar","","+1-718-267-2735","https://www.halseystavern.com","","30-95 33rd Street","Astoria"
"Halyards","pub","","","https://www.barhalyards.com/","","406 3rd Avenue",""
"Hanson Dry","bar","","","https://www.hansondry.com","","925 Fulton Street","Brooklyn"
"Hard to Explain","bar","","+1-917-717-9747","https://hardtoexplain.co/","","224 East 10th Street","New York"
"Harriet's Rooftop","bar","","","https://www.1hotels.com/brooklyn-bridge/taste/harriets-rooftop","","60 Furman Street",""
"Hart Bar","bar","","+1-929-433-7368","https://www.hartbarnyc.com","","538 Hart Street",""
"Hasenstüble","pub","","+1-347-240-5191","https://hasenstuble.com","","1184 Nostrand Avenue",""
"Haven Lounge","bar","","+1-347-599-2607","https://www.haven683grand.com/","","683 Grand Street",""
"Heart of Gold","pub","","","https://www.heartofgoldnyc.com/","","37-14 31st Avenue","Astoria"
"Hello Hello","bar","","","https://hellohellobar.com","","",""
"Henry Public","pub","","+1-718-852-8630","https://www.henrypublic.com","","",""
"Henry Street Ale House","pub","","+1-718-522-4801","https://henrystreetalehouse.com/","","",""
"High Dive","bar","","+1-718-788-0401","https://www.highdive-brooklyn.com","","",""
"HiLot","bar","","","https://hilot.nyc","","102 Avenue C",""
"Hollow Nickel","pub","","+1-347-236-3417","https://www.hollownickel.com","","",""
"Home Sweet Home","bar","","+1 212-226-5709","https://www.homesweethomethebar.com","","131 Chrystie Street","New York"
"Honeycomb","bar","","","https://honeycombk.com","","",""
"Hops Hill","bar","","+1-347-987-4334","https://www.hops-hill.com/","","886 Fulton Street","Brooklyn"
"Hoptimist","bar","","+1-646-609-1046","https://www.hoptimistbar.com/","hoptimistbar","",""
"House of Wax","bar","","+1-718-513-2547","https://thehouseofwax.com","","445 Albee Square","Brooklyn"
"Hurley's","pub","","","https://www.hurleysnyc.com/","","232 West 48th Street","New York"
"Iona Bar","bar","","+1-718-384-5008","https://www.ionabrooklyn.com/","","180 Grand Street",""
"IV Purpose","bar","","","https://ivpurposebk.com","","",""
"Izakaya Juraku","pub","","+1-212-477-0100","https://www.izakayajuraku.com/","","",""
"J. Bespoke","bar","","+1-212-213-2931","https://www.jbespoke.com","","121 East 27th Street",""
"J.G. Melon","pub","","+1 212-744-0585","https://jgmelon-nyc.com","","1291 3rd Avenue",""
"Jac's On Bond","bar","","+1-646-370-1446","https://www.jacsonbond.com/","","26 Bond Street","New York"
"Jadis","bar","","","https://jadisnyc.com/home","","42 Rivington Street","New York"
"Jake's Dilemma","bar","","+1-212-580-0556","http://jakesdilemma.eatdrinkandbemerry.com","","430 Amsterdam Avenue","New York"
"Jake's Saloon","pub","","","www.jakessaloonnyc.com","","206 West 23rd Street","New York"
"Jalopy Tavern","pub","","","https://jalopytavern.biz/","","",""
"Jeremy's Ale House","bar","","+12129643537","https://www.jeremysalehouse.com/","","",""
"Jimmy's Corner","pub","","","https://nymag.com/listings/bar/jimmys_corner/","","140 West 44th Street","New York"
"Jones Wood Foundry","pub","","+1 212-249-2700","https://www.joneswoodfoundry.com/","joneswoodfoundry","401 East 76th Street",""
"Joyce Public House","pub","","+1-212-760-0072","https://www.thejoycepublichouse.com/","","315 West 39th Street","New York"
"Juke Bar","bar","","","https://jukebarnyc.com/","","196 2nd Avenue",""
"Julius","bar","","","https://www.timeout.com/newyork/bars/julius","","159 West 10th Street",""
"Jungle Bird","bar","","","https://junglebirdnyc.com/","","174 8th Avenue","New York"
"Juniper Bar","pub","","+1-212-967-2511","https://juniperbarnyc.com/","","237 West 35th Street",""
"Katra Lounge","bar","","+1-212-620-3033","https://www.katranyc.com/","","217 Bowery",""
"Kavasutra Kava Bar","bar","","+1-646-649-4214","https://kavasutra.com/pages/kavasutra-new-york","","261 East 10th Street",""
"Keg & Lantern","pub","","+1-718-389-5050","https://www.kegandlanternbrooklyn.com/location/the-keg-and-lantern-greenpoint/","","97 Nassau Avenue",""
"Kelly's","bar","","+1-212-388-1464","https://kellysnyc.com","","12 Avenue A",""
"Kelly's Sports Bar","bar","","+1-332-237-2800","https://www.kellysnyc.com","","1154 2nd Avenue",""
"Kent Ale House","pub","","+1-347-227-8624","https://www.kentalehouse.com","","",""
"Kevin's Pub","pub","","+1-212-764-7267","https://www.kevinspubnyc.com","","",""
"KGB Bar","bar","","+1 347-441-4481","https://kgbbar.com/","","85 East 4th Street","New York"
"Kick Axe","bar","","+1-833-542-5293","https://www.kickaxe.com/brooklyn","","622 Degraw Street",""
"King Mother","bar","","+1-718-287-0241","https://www.kingmotherbk.com/","","1205 Cortelyou Road","Brooklyn"
"Kingston Hall","bar","","","https://www.kingstonhall.com/","","149 2nd Avenue","New York"
"Kissa Kissa","bar","","+1-347-507-9090","https://kissakissa.us/","","",""
"Knitting Factory","bar","","+1-347-529-6696","https://bk.knittingfactory.com/","","361 Metropolitan Avenue",""
"L'Wren","bar","","","https://www.lwrenbar.com","","",""
"La Cava Wine Bar","bar","","+1 212-223-1206","https://www.lacavanyc.com/","","939 2nd Avenue","New York"
"La Linea","bar","","","https://lalinealounge.com","","15 First Ave","New York"
"La Milagrosa","bar","","+1-718-599-1499","https://www.cerveceriahavemeyer.com/","","149 Havemeyer Street","Brooklyn"
"La Noxe","bar","","","https://www.lanoxenyc.com/","","162 West 28th Street",""
"Lake Street","bar","","","https://www.instagram.com/lakestbrooklyn","","706 Manhattan Avenue","Brooklyn"
"Landmark Tavern","pub","","+1 212 247 2562","http://www.thelandmarktavern.org/","","626 11th Avenue","New York"
"Las Lap","bar","","+1-646-484-6002","https://laslapnewyork.com","","74 Orchard Street","New York"
"Legends","pub","","+1-212-967-7792","https://www.legends33.com","","6 West 33rd Street","New York"
"Lillie‘s","bar","","+1-212-957-4530","https://www.lilliesnyc.com/","","",""
"LilliStar","bar","","+1-929-489-0150","https://www.lillistarbk.com","","",""
"Lise & Vito","bar","","","https://www.liseandvito.com","","126A Nassau Avenue","Brooklyn"
"Little Beaver","bar","","+1-347-305-3344","https://littlebeaverbk.com","","",""
"Little Rebel","bar","","+1-646-922-7325","https://www.littlerebelnyc.com","","",""
"Lo-Res","bar","","","https://nitehawkcinema.com/williamsburg/lo-res/","","136 Metropolitan Avenue",""
"Loafers Cocktail Bar","bar","","","https://loafersbar.com/","","517 Court Street",""
"Lobo","pub","","+1-718-858-7739","https://lobonyc.com","","",""
"LoFi","bar","","+1-929-884-3592","https://www.lofibrooklyn.com","","341 2nd Street",""
"Loopy Doopy Rooftop Bar","bar","","+1 646-769-4250","https://www.hilton.com/en/hotels/nyccici-conrad-new-york-downtown/dining/loopy-doopy-rooftop-bar/","","102 North End Avenue","New York"
"Loosie Rouge","bar","","+1-718-309-0231","https://loosierouge.com/","","91 South 6th Street",""
"Lovers of Today","bar","","+1-212-614-9798","https://loversoftodaynyc.com/","","132 ½ East 7th Street","New York"
"Lovers Rock","bar","","+1-347-915-0325","https://loversrocknyc.com/","","419 Tompkins Avenue",""
"Lowlands Bar","bar","","+1-347-463-9458","https://www.lowlandsbar.com/","","",""
"Lucinda's","bar","","","https://lucindasnyc.com","","169 Avenue A","New York"
"Lucky","bar","","","https://www.luckyonb.com","","",""
"Lucky Lyndon","bar","","","https://www.luckylyndon.com","","",""
"Lullaby","bar","","","https://www.lullabybar.com","","151 Rivington Street","New York"
"Luv Story Bar","bar","","+1-347-927-0982","https://luv-story.business.site","","894 Wyckoff Avenue",""
"Lydia's","bar","","+1-646-429-8460","https://lydiasnyc.com","","",""
"M1-5 Bar and Lounge","pub","","+1-212-965-1701","https://m1-5.com/","","52 Walker Street",""
"Mace","bar","","+1-347-866-7739","https://www.macenewyork.com","","",""
"Macri Park","bar","","+1-718-599-4999","https://www.macripark.com","","",""
"Madam Marie's","bar","","+1-917-745-0297","https://www.madammaries.com","","35-15 Broadway","Astoria"
"Madame X","bar","","+1-212-539-0808","https://madamex.com/","","94 West Houston Street",""
"Madeline’s Martini","bar","","","https://www.madelinesmartini.com/","","171 Avenue C",""
"Mama Fox","bar","","+1-347-663-4535","https://www.mamafoxbk.com/","","327 Stuyvesant Avenue",""
"Manado's Jazz Lounge","bar","","+1-718-313-9999","https://www.manadosjazz.com","","",""
"Marshall Stack","pub","","+1-212-228-4667","https://marshallstacknyc.com","","66 Rivington Street","New York"
"Mary O's","pub","","+1-212-505-5610","https://maryos.nyc/location","","",""
"Maya Mezcal","bar","","+1-212-253-5888","https://www.mayamezcal.com","","",""
"Mayflower","bar","","","https://www.aitarestaurant.com/the-mayflower-1","","",""
"McFadden's Citi Field","bar","","+1 718 651 2220","https://www.mcfaddensballparkny.com/","","36-02 126th Street","Flushing"
"McGee's Pub & Restaurant","pub","","+12129573536","https://mcgeespub.com/","","240 West 55th Street","New York"
"McHale's Pub","pub","","","http://mchalespub.com/","","251 West 51st Street","New York"
"McSorley's Old Ale House","pub","","+1-212-474-9148","https://mcsorleysoldalehouse.nyc/","","15 East 7th Street","New York"
"Medusa","bar","","+1-631-525-1384","https://medusabarbk.squarespace.com","","618 Grand Street","Brooklyn"
"Mehanata Bulgarian Bar","bar","","+1-212-625-0981","https://mehanata.com","","113 Ludlow Street","New York"
"Meller's Sports Hub & Grill","bar","","+1 646-490-5050","https://www.mellers1702.com","mellers_sportshub","1702 2nd Avenue",""
"Merv's","bar","","+1-347-715-4255","https://dromedarybar.com/","","266 Irving Avenue",""
"Midnight's Bar","bar","","","https://www.midnightsbk.com","midnightsbrooklyn","149 North 6th Street","Brooklyn"
"Midwood Flats","pub","","+1-718-484-4466","https://www.midwoodflats.com","","555 Flatbush Avenue",""
"Million Goods","bar","","","https://million-goods.com/","","88 Franklin Street",""
"Milo's Yard","bar","","+1-347-987-4535","http://www.milosyard.nyc/","","564 Seneca Avenue","Ridgewood"
"Minnows","bar","","","https://www.minnowsnyc.com","","167 Nassau Avenue",""
"Molly's","pub","","+1-212-889-3361","http://www.mollysshebeen.com","","",""
"Mom's Kitchen & Bar","bar","","+1-718-267-0142","https://www.momsastoria.com","","33-01 31st Avenue","Astoria"
"Mona's","bar","","+1-212-353-3780","https://www.facebook.com/Monas-Bar-NYC-118839478171924/","","224 Avenue B","New York"
"Monarch Rooftop","bar","","+1-212-630-9993","https://www.monarchrooftop.com","","71 West 35th Street",""
"Monk McGinns","pub","","+1 212 791-9676","https://monkmcginnsnyc.com/","monkmcginnsnyc","57 Murray Street",""
"Mood Ring","bar","","+1-917-818-1738","http://moodringnyc.com/","","1260 Myrtle Avenue","Brooklyn"
"Moot Bar","bar","","+1-718-638-3982","https://www.mootbar.com","","579 Myrtle Avenue","Brooklyn"
"Morty's Wine & Beer Bar","bar","","+1-917-388-3310","https://www.mortysbarnyc.com/","","15 West End Avenue","New York"
"Motel No Tell","bar","","+1-646-368-9775","https://motelnotellnyc.com","","212 Avenue A",""
"Mr Purple","bar","","+1-212-237-1790","https://www.mrpurplenyc.com/","","",""
"Mr. B Bar","bar","","+1-347-372-0198","https://mrbbarnyc.com","","231 East 33rd Street",""
"Muchmore's","bar","","+1 718 576-3222","https://www.muchmoresnyc.com/","","2 Havemeyer Street","Brooklyn"
"Mudville 9","pub","","+1-212-964-9464","https://www.mudville9.com/","","",""
"Mulligan's Pub","pub","","+1-212-286-0207","https://www.mulligansnyc.com","","267 Madison Avenue",""
"Murphy's Law","pub","","+1-212-628-3724","https://murphyslawnyc.wordpress.com","","417 East 70th Street",""
"Music For a While","bar","","+19177838582","https://musicforawhile.nyc","","518 West 27th Street","New York"
"Nancy's Whiskey Pub","pub","","+1 212 2269943","http://nancywhiskeypub.com/","","1 Lispenard Street",""
"Nelly Spillanes","pub","","+12127929673","http://www.nellyspillanes.com","","",""
"New York Beer Dispensary","bar","","+13474032555","https://www.nybeerdispensary.com/","","223 West 14th Street",""
"New York Comedy Club","bar","","+1-973-222-7422","https://newyorkcomedyclub.com","","236 West 78th Street","New York"
"Niagara","bar","","+1-212-420-9517","https://www.niagaranyc.com/","","112 Avenue A","New York"
"Nicky's Unisex","bar","","","https://www.instagram.com/nickysunisex","","90 South 4th st","Brooklyn"
"Night of Joy","bar","","","https://nightofjoybar.com","","667 Lorimer Street",""
"No Bull NYC","bar","","+1-646-593-0662","https://www.facebook.com/NOBULLnyc/","","1059 Flushing Avenue",""
"NºBetween","bar","","+1 347-542-8627","https://www.nbetween.bar/","nbetween.bar","443 West 15th Street",""
"Northern Bell","bar","","+1 718 388 9040","http://www.northernbellny.com/","https://www.instagram.com/northernbellnyc/","612 Metropolitan Avenue","Brooklyn"
"Nowhere","bar","","+1-212-477-4744","https://www.nowherebarnyc.com/","","322 East 14th Street","New York"
"Nu Hotel Bar & Lounge","bar","","+1-718-852-8585","https://www.nuhotelbrooklyn.com/brooklyn-restaurants/","","85 Smith Street",""
"Nurse Bettie","bar","","+1-212-477-7515","https://www.nursebettie.com","","106 Norfolk Street","New York"
"O'Donoghue's","pub","","","https://odpubnyc.com/","","",""
"Oculus Beer Garden","biergarten","","","https://www.officialworldtradecenter.com/beergarden","","33 Vesey Street","New York"
"Old Castle","pub","","","http://www.oldcastlepub.com/","","160 West 54th Street","New York"
"Old Flings","bar","","","https://oldflingsnyc.com","","25 Avenue A",""
"Old Man Hustle Comedy Bar","pub","","+1-212-253-7747","https://www.oldmanhustle.com/","","39 Essex Street","New York"
"Old Stanley's","bar","","+1-917-893-9344","https://www.facebook.com/Oldstanleysbar/","","226 Wyckoff Avenue","Brooklyn"
"One and One","bar","","+1-212-598-9126","https://www.oneandonenyc.com","","76 East 1st Street","New York"
"One Stop Beer Shop","bar","","+1-718-599-0128","http://www.onestopbeershopny.com","","134 Kingsland Avenue","Brooklyn"
"Opera House","bar","","+1-646-355-8693","https://www.operahouse.nyc/","","5 Doyers Street",""
"Orient Express","bar","","+1-212-691-8845","https://orientexpressnyc.com/","","325 West 11th Street",""
"Orion Bar","bar","","","https://www.orion-bar.com/","","157 Suydam Street",""
"Ornithology Jazz Club","bar","","+1-917-231-4766","https://www.ornithologyjazzclub.com/","","6 Suydam Street",""
"OTB","bar","","","https://otbbk.com/","","141 Broadway",""
"Other Half Brewing Company","pub","","","https://otherhalfbrewing.com/location/domino-park/","","34 River Street","Brooklyn"
"Otto's Shrunken Head Tiki Bar","bar","","+1-212-228-2240","https://www.ottosshrunkenhead.com/","","538 East 14th Street","New York"
"P.J. Moran's","pub","","+1 212-753-6444","https://www.pjmorans.com/","","3 East 48th Street","New York"
"Paddy Maguire's","pub","","+1-212-253-0031","https://www.paddymaguiresnyc.com/","","237 3rd Avenue",""
"Paddy Reilly's","pub","","+1-212-686-1210","https://paddyreillysmusicbar.us","","519 2nd Avenue","New York"
"Paint 'N Pour","bar","","+1 212-804-7037","https://www.paintnpournyc.com/locations/lower-east-side","","53 Delancey Street","New York"
"Paradise Lost","bar","","","https://www.paradiselost.nyc","","",""
"Park Slope Ale House","pub","","+1-718-788-1756","https://www.parkslopealehouse.com","","356 6th Avenue",""
"Pasiones Sports Bar","bar","","+1 718-813-9736","https://pasiones-bar.edan.io/","","40-04 69th Street","Woodside"
"Pearl's Social & Billy Club","bar","","+1-347-627-9985","https://pearlssocial.com/","","40 Saint Nicholas Avenue",""
"Peculier Pub","pub","","+1-212-353-1327","http://www.peculierpub.com/","","145 Bleecker Street","New York"
"Pete's Candy Store","bar","","+1-718-302-3770","https://www.petescandystore.com","","",""
"PHD Terrace","bar","","","https://taogroup.com/venues/phd-lounge-new-york/","","210 West 55th Street",""
"Phebes","pub","","","https://www.phebesnyc.com/","","359 Bowery","New York"
"Pine Box Rock Shop","bar","","+1-718-366-6311","https://www.pineboxrockshop.com/","","12 Grattan Street",""
"Pioneers Bar NYC","bar","","+1-212-714-2222","https://www.pioneersbar.com/","","138 West 29th Street",""
"Playwright Irish Pub","pub","","+1-212-268-8868","https://www.playwrightirishpubnyc.com","","",""
"Please Don't Tell","bar","","+1-212-614-0386","https://www.pdtnyc.com/","","113 Saint Mark's Place","New York"
"Plug Uglies","bar","","","https://www.plugugliesnyc.com/","","1495 1st Avenue",""
"Plug Uglies","bar","","+1-212-780-1944","https://www.plugugliesnyc.com","","",""
"Pocket Bar","bar","","","https://www.pocketbarnyc.com/","","455 West 48th Street","New York"
"Posh Pass NYC","bar","","","http://poshpassnyc.com","","400th West 20th St., Suite 2N",""
"Pretty Ricky's","bar","","+1-646-429-3957","https://www.prettyrickys.com/","","101 Rivington Street","New York"
"Printers Alley","bar","","+1-212-419-2770","https://www.printersalleynyc.com","","",""
"Prohibition","bar","","+1-212-579-3100","https://prohibitionny.com","","503 Columbus Avenue",""
"Proletariat","bar","","+1-833-328-4588","https://www.proletariatny.com/","proletariatny","21 East 7th Street",""
"Prospect Bar & Grill","pub","","+1-347-599-1087","https://prospectbarandgrill.com","","",""
"PubKey","bar","","+1 305 773 4249","https://pubkey.bar/","pubkey.nyc","85 Washington Place","New York"
"Punch Bar & Grill","bar","","+1-212-673-6333","https://www.punchrestaurant.com","","913 Broadway","New York"
"Putnam's Pub & Cooker","pub","","","https://putnamspub.com/","","",""
"Queue Beer","bar","","+1-347-599-2224","https://www.queue.beer","","",""
"Radio Kwara","bar","","","https://www.radiokwarabk.com","","291 Greene Avenue",""
"Randolph Beer DUMBO","pub","","+1-646-383-3623","https://www.randolphbeer.com/","","82 Prospect Street",""
"Randolph's Bar & Lounge","bar","","","https://www.randolphsnewyork.com/","","65 West 54th Street","New York"
"Rattle n Hum","pub","","+1 212 481 1586","http://www.rattlenhumbarnyc.com/home","","14 East 33rd Street","New York"
"Ray's","bar","","","https://www.raysbarnyc.com/location/les/","","177 Chrystie Street","New York"
"Ray's","bar","","","https://www.raysbarnyc.com","","905 Lorimer Street","Brooklyn"
"Rebecca's","bar","","+1-347-240-9899","https://www.rebeccasbar.com","","610 Bushwick Avenue",""
"Redd's Tavern","bar","","","https://reddsbrooklyn.com","","",""
"Rialto Grande","bar","","","https://www.rialtogrande.com","","",""
"Rodeo","bar","","","https://www.rodeobrooklyn.com/","","1134 President Street","Brooklyn"
"Roebling Sporting Club","bar","","+1-718-388-3088","https://www.roeblingsportingclub.com/","","225 North 8th Street","Brooklyn"
"Rose Gold Cocktail Lounge","bar","","+1-718-821-2580","https://www.residentadvisor.net/profile/rosegoldbk","","96 Morgan Avenue","Brooklyn"
"Rosie O'Grady's Saloon","pub","","","https://www.rosieogradys.com/","","800 7th Avenue","New York"
"Rosie Pizza Bar","bar","","+1-718-440-4369","https://www.rosiepizzabar.com","","",""
"RT60 Rooftop Bar & Lounge","bar","","+1-212-970-1270","https://hotel.hardrock.com/new-york/rt60-rooftop-bar.aspx","","159 West 48th Street","New York"
"Rudy's Bar & Grill","bar","","+1-646-707-0890","https://rudysbarnyc.com","","627 9th Avenue","New York"
"Runner Up","bar","","","https://www.winner.nyc/runner-up","","499 11th Street","Brooklyn"
"Rustik Tavern","pub","","","https://www.rustiktavern.com/brooklyn-navy-yard","","",""
"Ruth","bar","","","https://www.ruthonflatbush.com","","",""
"Ryan Maguire’s","pub","","","https://ryanmaguiresalehouse.com/","","28 Cliff Street","New York"
"Saint Eves","bar","","","https://saintevesbar.com","","471 12th Street",""
"Sakagura","bar","","+1 212-953-7253","https://www.sakagura.com/","","211 East 43rd Street","New York"
"Sake Bar Asoko","bar","","+1 310-555-5555","https://www.sakebarasoko.com/","","127 East Broadway",""
"Salud bar & grill","bar","","","https://saludbargrill.com/","","1413 Bushwick Avenue",""
"San Pedro Inn","pub","","+1-718-576-3916","https://sanpedroinn.com","","320 Van Brunt Street",""
"Sandy Jack's","bar","","","https://sandyjacks.com","","",""
"Sauced","bar","","+13476956286","https://www.saucedbklyn.com","","47 2nd Avenue","New York"
"Sauced","bar","","+1-347-695-6286","https://www.saucedbklyn.com/","","331 Bedford Avenue","Brooklyn"
"Scarlet Lounge","bar","","","https://scarletloungenyc.com/","","468 Amsterdam Avenue","New York"
"Schmuck","bar","","+1-917-797-2602","https://www.schmucknyc.com/","schmuckordie","97 1st Avenue",""
"Secret Pour","bar","","+1-718-484-0548","https://www.secretpour.com/","","1114 DeKalb Avenue",""
"Seeyamañana","bar","","+1 917-374-1682","https://www.seeyamanananyc.com/","seeyamanana","49 West 27th Street",""
"Seven Sins","bar","","+1-646-649-2389","https://www.sevensinsnyc.com","","",""
"Shaken Not Stirred","bar","","+1-404-641-1973","https://www.shakennotstirrednyc.com","","1113 1st Avenue","New York"
"Shillelagh Tavern","bar","","","https://www.shillelaghtavern.com","","47-22 30th Avenue","Astoria"
"Shy Shy","bar","","","https://www.shyshynyc.com/","","169 8th Avenue",""
"Sid Gold's Request Room","bar","","+1-212-229-1948","https://sidgolds.com","","",""
"SideBAR","bar","","+1-212-677-2900","https://www.sidebarny.com/","","118 East 15th Street",""
"Sincerely, Ophelia","bar","","","https://www.sincerelyophelianyc.com","","",""
"Skin Contact","bar","","+1-212-933-9398","https://skincontact.nyc","","76 Orchard Street","New York"
"Skylark","bar","","+1-347-227-8196","https://www.skylarkbarbrooklyn.com","","477 5th Avenue",""
"Slainte","pub","","+1-212-253-7030","https://slaintenbarnyc.com","","304 Bowery","New York"
"Slatterlys Midtown Pub","pub","","+1-212-683-6444","https://slatterysmidtownpub.com","","",""
"Snowdonia","pub","","+1 347 730 5783","https://snowdonia.nyc/","https://www.instagram.com/snowdonianyc/","34-55 32nd Street","Astoria"
"Soho Room","pub","","+1-212-334-3855","https://www.sohoroomnyc.com/","","203 Spring Street","New York"
"Solas","bar","","+1-212-375-0297","https://www.solasbar.com","","232 East 9th Street","New York"
"Solid State","bar","","","https://solidstatenyc.com/","","",""
"Someday","bar","","+1-929-480-8454","https://www.somedaybarnyc.com","","",""
"Sour Mouse","bar","","","https://www.sourmousenyc.com/","","110 Delaney Street",""
"Spring Lounge","bar","","+1-212-965-1774","https://thespringlounge.com","","48 Spring Street","New York"
"Spritzenhaus","bar","","+1 347 987-4632","https://www.spritzenhaus33.com/","","33 Nassau Avenue","Brooklyn"
"St. James Gate","pub","","","http://stjamesgatenyc.com/","","441 Amsterdam Avenue","New York"
"Starlight Tavern","bar","","+1-718-486-3700","https://www.thestarlighttavern.com","","",""
"Starr Bar","bar","","+1-718-821-1100","https://starrbar.com/","https://www.instagram.com/StarrBarBK","214 Starr Street","Brooklyn"
"Stars","bar","","","https://www.stars-ny.com","","139 East 12th Street","New York"
"Stonewall Inn","bar","","","https://thestonewallinnnyc.com/","","53 Christopher Street","New York"
"Storehouse","bar","","","https://www.thestorehousenyc.com/","","757 6th Avenue","New York"
"Stout NYC","pub","","+1-212-629-6191","http://msg.stoutnyc.com/","","133 West 33rd Street",""
"Strong Rope Brewery - Red Hook","bar","","","https://www.strongropebrewery.com/red-hook","","",""
"Subject","bar","","+1-646-422-7898","https://www.subject-les.com/","","188 Suffolk Street","New York"
"Sugar Mouse","bar","","","https://www.sugarmousenyc.com","","47 3rd ave",""
"Sundays Well","pub","","+1-646-707-3190","https://www.sundayswellnyc.com","","",""
"Sunswick","bar","","","https://www.sunswick3535bar.com/","","35-02 35th Street",""
"Super Power","bar","","+1-718-484-0020","https://www.superpowerbrooklyn.com/","","",""
"Superbueno","bar","","+1-347-866-7739","https://superbuenonyc.com","","13 1st Avenue","New York"
"Sweet Linda","bar","","+1-929-494-1794","https://sweetlindanyc.com","","",""
"Sweet Spot Sporting Lounge & Bar","bar","","+1 718-777-7475","https://sweetspotastoria.com/","sweetspotastoria","22-72 31st Street",""
"Talea","bar","","+1-212-320-3716","https://www.taleabeer.com/pages/visit-us#west-village-taproom","","102 Christopher Street",""
"Talea Beer Co.","bar","","+1-716-466-2126","https://www.taleabeer.com/location/talea-cobble-hill/","","",""
"Talon Bar","bar","","+1-718-366-3192","https://www.talonbar.com/","","220 Wyckoff Avenue",""
"Tavern29","pub","","","https://tavern29.com/","","",""
"Ted's Corner Tavern","pub","","","https://www.tedscornertavern.com","","523 3rd Avenue",""
"Tempest Bar","bar","","+1 212-643-1502","https://www.tempestbarnyc.com","","407 8th Avenue","New York"
"Ten Bells","bar","","+1 212-228-4450","https://tenbellsnyc.com","","247 Broome Street","New York"
"Terra Blues","bar","","+1-212-777-7776","https://www.terrablues.com/","","149 Bleecker Street",""
"The Adirondack","pub","","+1-718-871-0100","http://www.theadirondackbar.com","","",""
"The Armory","bar","","+1-929-337-8476","https://www.thearmorybk.com","","149 4th Avenue",""
"The Bar at Baccarat Hotel","bar","","+1 212-790-8867","https://www.baccarathotels.com/dining/bar","","28 West 53rd Street","New York"
"The Belfry","bar","","+1-212-473-6590","https://belfrynyc.com","","",""
"The Boiler Room","bar","","","https://www.theboilerroomnyc.com/","","86 East 4th Street","New York"
"The Bonnie","bar","","+1 718 274 2105","https://www.thebonnie.com/","","29-12 23rd Avenue","Astoria"
"The Bravest","pub","","+1-212-683-3766","https://www.thebravestnyc.com/","https://instagram.com/bravestnyc/","700 2nd Avenue","New York"
"The Brazen Head","pub","","+1-718-488-0430","https://brazenheadbrooklyn.com/","","",""
"The Brew Inn","bar","","+1-718-564-7155","https://www.instagram.com/the_brew_inn","","924 Manhattan Avenue","Brooklyn"
"The Broadway","bar","","+1-347-365-9861","https://www.thebroadway.nyc/","","1272 Broadway",""
"The Broken Shaker","bar","","+1-212-475-1920","https://www.brokenshaker.com/location/new-york-hours-and-location/","https://www.instagram.com/brokenshaker/","23 Lexington Avenue","New York"
"The Buttery Bar","bar","","","https://butterybar.com","","152 Driggs Avenue","Brooklyn"
"The Cabinet","bar","","+1-347-866-7739","https://www.thecabinetnyc.com","","649 East 9th Street",""
"The Campbell Bar","bar","","+1-212-297-1781","https://www.thecampbellnyc.com/","","15 Vanderbilt Avenue",""
"The Churchill Tavern","pub","","+1-646-922-7744","https://thechurchillny.com","","45 East 28th Street",""
"The Clonard","pub","","+1-347-889-7793","https://www.theclonard.com","","",""
"The Cock","bar","","","https://thecockbar.com/","","93 2nd Avenue","New York"
"The Commissioner","pub","","+1-347-689-3968","https://www.thecommissionerbk.com/","","",""
"The Cooper Still","pub","","","https://www.thecopperstillnyc.com/","","206 West 22nd Street","New York"
"The Copper Still","pub","","","https://www.thecopperstillnyc.com","","151 2nd Avenue",""
"The Craic","pub","","+1 347 384 2772","http://thecraicbrooklyn.com/","","488 Driggs Avenue","Brooklyn"
"The Crooked Knife","pub","","+1-212-696-4104","https://thecrookedknife.com/2avenue/","","540 2nd Avenue",""
"The Crown","bar","","+1-646-630-8057","https://www.thecrownnyc.com","","50 Bowery",""
"The Dead Poet","pub","","","http://www.thedeadpoet.com/","","450 Amsterdam Avenue","New York"
"The Dead Rabbit","pub","","+1-646-422-7906","https://www.deadrabbitnyc.com/","","",""
"The Ditty","bar","","","https://thedittybar.com/","","35-03 Ditmars Boulevard",""
"The Domino Room","bar","","","https://www.thedominoroom.com","","1640 2nd Avenue",""
"The Elgin","pub","","+1-212-221-2100","https://www.elginnyc.com","","",""
"The Empire Rooftop","bar","","+1-212-265-2600","https://www.theempirerooftop.com/","","44 West 63rd Street","New York"
"The Flatiron Room","bar","","+1-212-725-3860","https://www.theflatironroom.com","","37 West 26th Street",""
"The Fleur Room","bar","","","http://moxy-hotels.marriott.com/nyc/chelsea/the-fleur-room/","","West 28th Street","New York"
"The Fly","bar","","","https://theflybrooklyn.com","","549 Classon Avenue",""
"The Folly","pub","","+1-646-726-4740","https://www.follynyc.com/","","92 West Houston Street",""
"The Four-Faced Liar","bar","","","https://www.thefour-facedliar.com","","165 West 4th Street",""
"The Garden at Studio Square","bar","","+1-718-383-1001","https://www.studiosquarebeergarden.com/","","35-33 36th Street","Long Island City"
"The Garret","bar","","","https://www.thegarretwest.com","","296 Bleecker Street",""
"The Gate","bar","","+1-718-768-4329","https://thegatebrooklyn.getbento.com","","321 5th Avenue",""
"The Gibson","pub","","","https://www.thegibsonnyc.com/","","108 Bedford Avenue",""
"The Gin Mill","bar","","+1 212-580-9080","http://theginmill.eatdrinkandbemerry.com","","442 Amsterdam Avenue","New York"
"The Globe","pub","","+1-212-477-6161","https://www.theglobeny.com","","",""
"The Grand Delancey","bar","","+1 332-456-0130","https://www.thegranddelancey.com/","","115 Delancey Street","New York"
"The Great Georgiana","bar","","","https://www.thegreatgeorgiana.com","","248 DeKalb Avenue",""
"The Half King","pub","","","http://www.thehalfking.com/","","505 West 23rd Street",""
"The Half Pint","pub","","+1-212-260-1088","https://www.thehalfpintnyc.com/","","76 West 3rd Street",""
"The Headless Horseman","pub","","+1-212-777-5101","http://headlesshorsemannyc.com/","","119 East 15th Street",""
"The Holler","bar","","+1-917-966-5723","https://www.thehollernyc.com","","",""
"The Hop Shop","bar","","+1-718-852-2184","https://www.thehopshopbrooklyn.com/","","",""
"The Hunterian","bar","","","https://thehunterianues.com","","413 East 70th Street",""
"The Irish Pub","pub","","","http://www.theirishpubnyc.com/","","837 7th Avenue","New York"
"The Irish Rover","bar","","+1-718-278-9372","http://www.irishrovernyc.com/","","37-18 28th Avenue","Astoria"
"The Junction","pub","","+1-212-682-7700","https://www.thejunctionnyc.com","","",""
"The Keep","bar","","+1-718-381-0400","https://www.thekeepny.com/","","205 Cypress Avenue","Ridgewood"
"The Last Call","bar","","","https://www.thelastcallbk.com","","",""
"The Last Word","bar","","","https://www.tlwcocktailbar.com/","","",""
"The Less Dead","bar","","+1-718-387-5410","https://kingstavernny.com","","949 Grand Street","Brooklyn"
"The Little Pig","bar","","+1-718-954-9901","https://www.thelittlepigbk.com","","",""
"The Little Whiskey","pub","","+1-718-366-4600","https://thelittlewhiskey.com/","","36 Wilson Avenue",""
"The Lobby","bar","","","https://acehotel.com/brooklyn/eat-drink/the-lobby/","","",""
"The Long Pour","pub","","+1-646-822-8270","https://www.thelongpour.com","","2nd Avenue",""
"The Lowery","bar","","+1 929-208-0054","https://theloweryqueens.com/","thelowerybar","43-02 43rd Avenue",""
"The Mayfly","bar","","+1 646-449-8435","https://themayflynyc.com/","","269 East Houston Street","New York"
"The Mean Fiddler","pub","","","https://www.themeanfiddlernyc.com/","","266 West 47th Street","New York"
"The Molly Wee Pub","pub","","","https://themollywee.com/","","402 8th Avenue","New York"
"The Monro","pub","","+1-718-499-2005","https://www.monropub.com","","481 5th Avenue",""
"The Monster","bar","","","https://www.monsterbarnyc.com/","","80 Grove Street",""
"The Naked Pig","bar","","+1 917-261-7644","https://www.thenakedpignyc.com/","thenakedpignyc","922 3rd Avenue",""
"The Owl Farm","pub","","+1-718-499-4988","https://www.theowlfarm.com","","",""
"The Pennsy Bar","bar","","","http://www.thepennsy.nyc/pennsy-bar-nyc/","","2 Pennsylvania Plaza","New York"
"The Penny Farthing","pub","","+1-212-387-7300","https://thepennyfarthingnyc.com","","103 3rd Avenue",""
"The Perfect Pint","pub","","+1 212-867-8159","https://theperfectpintnyc.com/east-midtown-nyc/","","203 East 45th Street","New York"
"The Place Pizzeria & Bar","bar","","+17183831900","http://www.theplacepizzeriabar.com","","269 Norman Avenue",""
"The Press Lounge - Rooftop","bar","","","https://www.thepresslounge.com/","","653 West 48th Street",""
"The Raines Law Room","bar","","","https://www.raineslawroom.com","","48 West 17th Street","New York"
"The Red Hook Winery","bar","","+1-347-689-2432","https://www.redhookwinery.com","","175 Van Dyke Street",""
"The Ricky","bar","","+1-646-756-2054","https://taogroup.com/venues/the-rickey-cocktail-lounge-new-york/","","210 West 55th Street",""
"The Roof","bar","","+12127078008","https://www.theroofny.com/","","124",""
"The Rose","bar","","","https://www.thechelseannewyork.com/cocktail-bars-chelsea-nyc","","160 West 25th Street","New York"
"The Royal Palms Shuffleboard Club","bar","","+1-347-223-4410","https://www.royalpalmsbrooklyn.com","","514 Union Street","Brooklyn"
"The Sampler Bushwick","bar","","+1-718-552-2330","https://thesamplerbk.com/","","234 Starr Street","Brooklyn"
"The Seneca","bar","","+1-347-599-0010","http://thesenecanyc.com/","","582 Seneca Avenue",""
"The Shakespeare","pub","","","https://www.theshakespearenyc.com/","","24 East 39th Street","New York"
"The Skinny Bar","bar","","+1 212-228-3668","http://theskinny-nyc.com/","","174 Orchard Street","New York"
"The Storehouse","bar","","+1 212 243 8898","https://www.thestorehousenyc.com/","","69 West 23rd Street","New York"
"The Summit","bar","","","https://www.thesummitbarandcafe.com","","",""
"The Terrace","pub","","+1-347-476-2401","https://theterracenyc.com","","",""
"The Three Monkeys","bar","","+1-212-586-2080","https://www.thethreemonkeysbar.com/","","236 West 54 Street",""
"The Throwback","bar","","","https://thethrowbacknyc.com","","710 Amsterdam Avenue","New York"
"The Tippler","bar","","+1 212 2060000","https://www.thetippler.com/","","425 West 15th Street","New York"
"The Well","bar","","+1-347-338-3612","https://www.thewellbrooklyn.com/","","272 Meserole Street",""
"The Westbury Inn","pub","","+1-929-454-7848","http://www.westburyinnbar.com","","",""
"The Whiskey","bar","","","https://thewhiskeyog.com","","",""
"The White Horse Tavern","pub","","+1-212-668-9046","https://www.whitehorsetavernny.com","","",""
"The Winslow","pub","","+1-212-777-7717","https://thewinslownyc.com","","243 East 14th Street","New York"
"The Wolfe","pub","","+1-646-876-1004","https://www.thewolfenyc.com/","","425 Amsterdam Avenue","New York"
"The Woo Woo","bar","","","https://thewoowoonyc.com/","","266 West 47th Street",""
"The Woods","bar","","","https://www.thewoodsbk.com/","","48 South 4th Street","Brooklyn"
"The World Bar","bar","","","http://www.hospitalityholdings.com/#/establishments/the_world_bar","","",""
"Therapy Wine Bar","bar","","","https://www.therapywinebar.nyc/","","",""
"Third Avenue Ale House","pub","","+1 646-559-9131","https://www.thirdavealehousenyc.com/","3rdavealehouse","1644 3rd Avenue",""
"Threes Brewing","pub","","+1-731-333-3430","https://threesbrewing.com/pages/greenpoint","","113 Franklin Street","Brooklyn"
"Threes Brewing","pub","","+1 718 522 2110","https://www.threesbrewing.com","","333 Douglass Street",""
"Tigre","bar","","+1 646-951-2780","https://www.tigrenyc.com","","105 Rivington Street","New York"
"Tiki Chick","bar","","","https://www.tikichick.com/","","517 Amsterdam Avenue","New York"
"Tilly's","pub","","","https://tillysbklyn.com","","1223 Bedford Avenue",""
"Tiltz","bar","","+1-718-418-4589","https://www.tiltzny.com","","942 Flushing Avenue",""
"Tír na nÓg","pub","","+1 212-630-0249","https://www.tirnanognyc.com/penn_station/home","","254 West 31st Street",""
"TLounge","bar","","","https://tlounge.nyc/","https://www.instagram.com/tlounge_nyc_trans_bar","134 9th Avenue",""
"Tomi Jazz","bar","","+1-646-497-1254","https://www.tomijazz.com/","","239 East 53rd Street",""
"Tooker Alley","bar","","+1-347-955-4743","https://tookeralley.com","","",""
"Torch & Crown Brewing Company","bar","","+1-212-228-7005","https://www.torchandcrown.com/","","12 Vandam Street","New York"
"Toshi's Penthouse","bar","","+1-212-673-2354","http://toshispenthouse.com","","9 West 26th Street","New York"
"Transmitter Brewing","bar","","+1-646-378-8529","https://www.transmitterbrewing.com","","",""
"Travel Bar","bar","","+1-718-858-2509","https://www.travelbarbrooklyn.com","","",""
"Treadwell Park","pub","","+1-212-832-1551","https://www.treadwellpark.com/location/upper-east-side/","","1125 1st Avenue",""
"Trees Lounge","bar","","","https://nitehawkcinema.com/prospectpark/trees-lounge/","","188 Prospect Park West",""
"Trinity Pub","pub","","+1 212-327-4450","https://trinitypubny.com/","trinitypubnyc","229 East 84th Street",""
"Triona's","pub","","+1-646-448-4671","https://east.trionasnyc.com","","",""
"Trix","bar","","+13475990702","http://www.trixnyc.com","","145 Bedford Avenue",""
"Tropix Bar & Lounge","pub","","","https://tropixnyc.com","","",""
"Troy","bar","","","https://www.troyliquorbar.com/","","675 Hudson Street","New York"
"Turnmill","pub","","+1-646-524-6060","https://www.turnmillnyc.com","","119 East 27th Street",""
"Two Doors Down","bar","","","https://twodoorsdown.nyc","","159 East Houston Street","New York"
"Two8Two Bar & Burger","pub","","+1-718-596-2282","https://two8twoburger.com","","",""
"Uncle Barry's","bar","","+1-718-622-4980","https://www.unclebarrys.com","","",""
"Union Street Pub","pub","","+1-347-715-6312","https://www.unionstreetpubbk.com","","829 Franklin Avenue",""
"Van Brunt Stillhouse Tasting Room","bar","","+1-718-887-6012","https://www.vanbruntstillhouse.com","","6 Bay Street","Brooklyn"
"Velvet Lounge","bar","","+1-718-302-4427","https://velvetbrooklyn.com/","","174 Broadway",""
"Verlaine","bar","","+1 212-614-2494","https://www.verlainenyc.com/","","110 Rivington Street","New York"
"VERS","bar","","","https://www.versnyc.com/","","714 9th Avenue","New York"
"Vessel Bar & Grill","bar","","+1-347-889-6036","https://vesselbarandgrill.com/","","895 Fulton Street","Brooklyn"
"Vida Verde","bar","","","https://vidaverdeny.com/","","248 West 55th Street",""
"Village Tavern","bar","","+1-212-741-1935","https://www.thevillagetavernnyc.com/","","46 Bedford Street",""
"Vin Sur Vingt","bar","","+1-646-922-7700","https://vsvwinebars.com/","","1140 Broadway",""
"Vin Sur Vingt","bar","","","https://www.vsvwinebars.com/location/vin-sur-vingt-wine-bar-upper-west-side/","","66 West 84th Street","New York"
"Vine","bar","","","https://www.vinebk.com","","81 Fleet Place",""
"Vol de Nuit","bar","","+1-212-982-3388","https://voldenuitbar.com/","","148 West 4th Street",""
"Von","bar","","+1-212-473-3039","https://vonbar.com","","3 Bleecker Street",""
"We Got Company","bar","","+1-718-490-7814","https://wegotcompany.bar/","","441 Metropolitan Avenue","Brooklyn"
"West Side Comedy Club","bar","","","https://www.westsidecomedyclub.com","","201 West 75th Street","New York"
"Whisk & Whiskey","bar","","+1-347-799-1639","https://www.whiskandwhiskeybklyn.com","","",""
"Whiskey Cellar","bar","","+1-917-214-0589","https://www.whiskeycellarnyc.com","","",""
"Whiskey Trader","pub","","","https://whiskeytradernyc.com/","","71 West 55th Street","New York"
"White Horse Tavern","pub","","+1-212-989-3956","https://whitehorsetavern1880.com/","","567 Hudson Street",""
"White Oak Tavern","bar","","+1-212-260-2604","https://www.whiteoakny.com/","","21 Waverly Place",""
"Whoopsie Daisy","bar","","","https://whoopsiedaisybk.com/","","225 Rogers Avenue","Brooklyn"
"Wicked Willy's","bar","","","http://www.wickedwillysny.com/","","149 Bleecker Street",""
"Wild East Brewing Company","bar","","+1-718-797-5135","https://www.wildeastbrewing.com","","623 Sackett Street",""
"Wilfie & Nell","pub","","+1-212-242-2990","https://www.wilfieandnell.com/","","228 West 4th Street","New York"
"Wined Up","bar","","+1-212-673-6333","https://winedupnyc.com","","913 Broadway","New York"
"Wing Bar","pub","","+1-718-237-2728","https://www.thewingbar.com/","","",""
"With Others","bar","","","https://www.withothersbrooklyn.com","","340 Bedford Avenue","Brooklyn"
"Wonderland Bar","bar","","+1-212-814-2943","https://wonderlandbarnyc.com","","",""
"Young Ethel's","bar","","+1-929-367-6469","https://www.youngethels.com","","",""
"Zagaya","bar","","+1-929-387-8338","https://www.zagayawinebar.com","","471 16th Street",""
"Zebra Lounge","bar","","+1-718-886-7366","http://www.z2nyc.com/","","136-11 38th Avenue","Flushing"
"Zinc","bar","","+1-646-918-6216","https://www.zincbar.com","","82 West 3rd Street","New York"
"12th Street Ale House","bar","","","","","192 2nd Avenue",""
"13","bar","","","","","",""
"212 East","bar","","","","","212 East 9th Street",""
"230 Fifth Rooftop","bar","","","","","1150 Broadway",""
"2A Bar","bar","","","","","25 Avenue A",""
"2nd Floor on Clinton","bar","","","","","67 Clinton Street",""
"3 Streets Saloon","bar","","","","","",""
"302 Bar Lounge","bar","","","","","302 Irving Avenue",""
"320 Club","bar","","","","","320 Bedford Avenue","Brooklyn"
"33","bar","","","","","",""
"39 Fantastic Bar","bar","","","","","3914 8th Avenue",""
"4th Ave Pub","pub","","+1 718 643 2273","","","",""
"55 bar","bar","","","","","",""
"59 Studio","bar","","","","","37-02 Astoria Boulevard",""
"69 Bar","bar","","","","","38-21 69th Street","Woodside"
"75 Blue Bar","bar","","","","","",""
"82 Stanton","bar","","","","","84 Stanton Street","New York"
"8282","bar","","","","","82 Stanton Street",""
"99 Rogers","pub","","+1-718-708-4933","","","99 Rogers Avenue","Brooklyn"
"9th Avenue Saloon","bar","","","","","656 9th Avenue",""
"Abba Bar & Grill","bar","","","","","492 Grand Street",""
"above 6 sushi rooftop bar","bar","","","","","",""
"Ainsworth","bar","","","","","46 Ann Street",""
"Albatross Bar","bar","","","","","24th Avenue",""
"Alembi Hookah Bar","bar","","","","","23-63 Steinway Street",""
"Alfonso's Bar","bar","","","","","75-15 Broadway","Elmhurst"
"Alibi","bar","","","","","",""
"Alison","bar","","","","","1651 Lexington Avenue",""
"All Night Skate","bar","","","","","54 Rockaway Avenue",""
"Allswell","bar","","","","","124 Bedford Avenue",""
"Ambar Lounge","bar","","+1-718-366-3635","","","392 Woodward Avenue",""
"American Cheez","bar","","","","","444 7th Avenue",""
"American Express The Centurion Lounge at US Open","bar","","","","","",""
"American Whiskey","bar","","","","","247 West 30th Street",""
"Anaïs","bar","","","","","196 Bergen Street",""
"Antler Beer & Wine Dispensary","bar","","+1-212-432-5000","","","123 Allen Street","New York"
"Apartment 5","bar","","","","","157 Ludlow Street","New York"
"Après-Ski Fondue Chalet at Café Select","bar","","","","","212 Lafayette Street",""
"Apt 512","bar","","","","","15 Wilson Avenue",""
"Area Bar","bar","","","","","",""
"Art Bar","bar","","","","","52 8th Avenue",""
"ART Williamsburg","bar","","","","","",""
"Arthur's Tavern","bar","","","","","",""
"Astoria Bier and Cheese","bar","","","","","3414 Broadway","Astoria"
"Astoria Tavern","bar","","","","","33-16 23rd Avenue",""
"Athena Keke's","bar","","","","","",""
"B-Side","bar","","+1 212-475-4600","","","204 Avenue B",""
"b&b winebar","bar","","","","","",""
"Baby Grand Flatiron","bar","","","","","29 West 17th Street","New York"
"Baby Grand LES","bar","","","","","187 Orchard Street","New York"
"Back","bar","","","","","",""
"Bad Luck Bar","bar","","","","","",""
"Bailey Pub & Brasserie","pub","","","","","",""
"Baltazar Cafe","bar","","","","","",""
"Balzem","bar","","","","","202 Mott Street",""
"Banks Tavern","bar","","","","","19 Greenpoint Avenue","Brooklyn"
"Banshee","bar","","","","","143 1st Avenue",""
"Banter","pub","","","","","",""
"Bar 135","bar","","","","","",""
"Bar 212","bar","","","","","",""
"Bar Cornelia","bar","","","","","523 Evergreen Avenue",""
"Bar Great Harry","bar","","","","","280 Smith Street","Brooklyn"
"Bar Oliver","bar","","","","","1 Olive Street",""
"Bar Pendry","bar","","","","","438 West 33rd Street","New York"
"Bar Veloce","bar","","","","","",""
"Barb's","bar","","","","","",""
"Barely Disfigured","bar","","","","","",""
"Barracuda Bar","bar","","+1-212-645-8613","","","275 West 22nd Street",""
"Barrow's Pub","bar","","","","","463 Hudson Street",""
"Barrows Intense Ginger","bar","","+1-917-597-1084","","","86 34th St","Brooklyn"
"Bartolinos","bar","","","","","",""
"Basquiat's Bottle","bar","","","","","1198 Fulton Street",""
"Battle Hill Tavern","pub","","+1-347-987-3055","","","",""
"Baya Bar","bar","","","","","",""
"Beaucoup at Bar Freda","bar","","+1-267-481-0677","","","801 Seneca Avenue","Ridgewood"
"Bed-Vyne Brew","bar","","","","","370 Tompkins Avenue",""
"Beer Culture","bar","","","","","328 West 45th Street","New York"
"Beyond The Pale","bar","","","","","53 Spring Street",""
"Biergarten","pub","","","","","848 Washington Street",""
"Biergarten","pub","","","","","",""
"Big Bar","bar","","","","","",""
"Billares Sol Y Luna","bar","","","","","102-02 43rd Avenue",""
"Billymark's West","bar","","+1 347-986-3866","","","332 9th Avenue",""
"Bilt Bar","pub","","+1-347-295-3579","","","",""
"Bin 71","bar","","","","","",""
"Birdy's","bar","","","","","",""
"Bizarre Bar and Restaurant","bar","","+1-347-915-2717","","","12 Jefferson Street",""
"Black Rabbit","bar","","","","","",""
"Blackbird's","bar","","+1 718-943-6899","","blackbirdsastoria","41-19 30th Avenue",""
"Blackwells","pub","","","","","150 East 47th Street",""
"Bleecker Street Bar","bar","","","","","",""
"Blind Barber","bar","","","","","339 East 10th Street","New York"
"Blondies Sports Bar","bar","","+1-212-362-3311","","","212 West 79th Street","New York"
"Blue & Gold","bar","","","","","",""
"Blue Angel Lounge","bar","","+1-347-808-7030","","","112-51 Roosevelt Avenue","Corona"
"Blue Mezcal","bar","","","","","758 5th Avenue",""
"Blue Ruin","bar","","","","","",""
"Blue Ruin Bar","bar","","","","","548 9th Avenue",""
"Blvd","bar","","","","","31-17 Ditmars Boulevard",""
"Boat","bar","","","","","",""
"Bohemien","bar","","","","","",""
"Boom Boom Room","bar","","","","","",""
"Bosco","bar","","","","","169 Bleecker Street","New York"
"Boxers","bar","","","","","",""
"Branded Saloon","pub","","","","","603 Vanderbilt Avenue","Brooklyn"
"Break","bar","","","","","",""
"Broadstone Bar & Kitchen","pub","","+1-646-707-0426","","","88 Broad Street",""
"Broadway Comedy Club","bar","","","","","",""
"Broken Land","bar","","","","","107 Franklin Street","Brooklyn"
"Brooklyn Bowl","bar","","","","","61 Wythe Avenue","Brooklyn"
"Brooklyn Ice House","bar","","+1-718-222-1865","","https://www.instagram.com/brooklyn_icehouse/","318 Van Brunt Street",""
"Brooklyn Moon","pub","","+1-718-855-7149","","","745 Fulton Street",""
"Broome Street Bar","bar","","+1 212-925-2806","","broomestreetbar","363 West Broadway",""
"Bruekelin Bier Merchantd","biergarten","","","","","",""
"Bukowski's","pub","","","","","Grand Avenue",""
"Bulbap Grill","bar","","","","","",""
"Burp Castle","pub","","","","","41 East 7th Street","New York"
"Bushwick Ice House","bar","","","","","35 Ingraham Street","Brooklyn"
"Buttermilk Bar","bar","","+1-718-788-6297","","","577 5th Avenue",""
"BXL Zoute","bar","","+1-646-692-9282","","","50 West 22nd Street",""
"C. DiPalo","bar","","","","","151 Mott Street",""
"caffe wha","bar","","","","","Minetta Lane",""
"Cantina Rooftop","bar","","","","","",""
"Capri Social Club","bar","","","","","156 Calyer Street","Brooklyn"
"Carmelo's","bar","","","","","1544 DeKalb Avenue",""
"Carmine Street Beers","bar","","+12126332337","","","52 A Carmine Street",""
"Carousel","bar","","","","","36 Wyckoff Street",""
"Casanara","bar","","","","","983 Fulton Street",""
"Cassidy’s","pub","","","","","65 West 55th Street","New York"
"Cassidy's Ale House","bar","","","","","75-02 31st Avenue",""
"Castell Rooftop Lounge","bar","","","","","260",""
"Cedar Local","bar","","","","","25 Cedar Street",""
"Cedric’s","bar","","","","","",""
"Centurion Lounge","bar","","","","","",""
"Charlie's","pub","","","","","",""
"Charlie's Sports Bar","bar","","","","","44-06 60th Street",""
"Chaser McGee's","pub","","+1-718-326-2973","","","60-65 Flushing Avenue",""
"Cheeseboat","bar","","","","","80 Berry Street",""
"Chikalicious","bar","","","","","203 East 10th Street",""
"Christophers Palace","bar","","","","","1258 Myrtle Avenue","Brooklyn"
"City Beer","bar","","","","","200 East 39th Street",""
"City Hops","bar","","","","","1145 2nd Avenue","New York"
"Clara's Gramercy","bar","","","","","393 2nd Avenue",""
"Claret Wine Bar","bar","","","","","46-02 Skillman Avenue","Sunnyside"
"Club House Sports Bar","bar","","+1-718-821-8338","","","61-21 Fresh Pond Road","Middle Village"
"Club Lambda BK","bar","","","","","1031 Grand Street","Brooklyn"
"Cocktail Bedstuy","bar","","","","","",""
"Connect Sports Lounge","bar","","","","","32-16 Steinway Street",""
"Connie O's Pub","bar","","","","","",""
"Continental Bar & Lounge","bar","","","","","1 Wall Street Court","New York"
"Cookie's","bar","","","","","",""
"Cooper's Tavern","pub","","","","","",""
"Cork & Kale","bar","","","","","",""
"Corner Bar","bar","","","","","",""
"Counting Room","bar","","","","","",""
"Cousin Lsrry's","pub","","","","","",""
"Coyote Ugly Saloon","bar","","","","","233 East 14th Street","New York"
"Craft + Carry","bar","","","","","",""
"Craft + Carry Saint Marks","bar","","","","","116 Saint Marks Place","New York"
"Crompton Ale House","pub","","","","","",""
"Daddy's Bar","bar","","","","","464 Onderdonk Avenue","Ridgewood"
"Dahlia","bar","","","","","269 Columbus Avenue","New York"
"Dalton's","bar","","","","","611 9th Avenue",""
"Daly's Pub","bar","","","","","31-86 31st Street",""
"Darlings","pub","","+1-347-425-7300","","","242 Himrod Street",""
"David’s Bar","bar","","","","","76 Forsyth Street","New York"
"Daytripper NYC","pub","","","","","158 Avenue C","New York"
"DBL","bar","","","","","667 10th Avenue","New York"
"Dead Letter No. 9","bar","","","","","63 Grand Street","Brooklyn"
"Dear Friend Books","bar","","","","","",""
"Dear Irving","bar","","","","","",""
"Death Ave brewing Co.","bar","","","","","",""
"Denny's Pub","pub","","","","","",""
"Desmond's Tavern","bar","","","","","",""
"Deweys Pub","bar","","","","","135 West 30th Street","New York"
"Dianne & Elisabeth","bar","","","","","",""
"Dick and Jane's Bar Room","bar","","","","","",""
"Dillinger's Bar and Grill","bar","","","","","",""
"Distinguished Wakamba Lounge","bar","","+1-212-564-2042","","","543 8th Avenue","New York"
"Doc Holidays","bar","","","","","",""
"Doc Hollidays","bar","","","","","141 Avenue A",""
"Docky's","bar","","+1-347-634-9782","","","",""
"Dolly Varden","bar","","","","","",""
"Dominie's","pub","","","","","34-05 30th Avenue","Astoria"
"Dominie's Hoek","bar","","","","","48-17 Vernon Boulevard",""
"Donovan's Pub","pub","","","","","Roosevelt Avenue",""
"Double Down Saloon","bar","","","","","14 Avenue A","New York"
"Doyle's Corner","bar","","","","","",""
"Draught 55","bar","","","","","245 East 55th Street",""
"Drink Lounge","bar","","","","","768 Franklin Avenue",""
"Drop-Off Service","bar","","+1 212 260-2914","","","211 Avenue A","New York"
"duckduck","bar","","+1-347-799-1449","","","161 Montrose Avenue","Brooklyn"
"Dynaco","bar","","","","","",""
"Ear Inn","bar","","","","","326 Spring Street","New York"
"Eastern Nights","bar","","","","","25-37 Steinway Street",""
"Eddie Jr's Sports Lounge","bar","","+1-718-384-8671","","","40 Marcy Avenue",""
"Edge","bar","","","","","",""
"El Conquistador","bar","","+1 718-565-5491","","https://www.instagram.com/elconquistadornyc/","63-04 Broadway","Woodside"
"El Diamante Bar Lounge","bar","","+1 347-361-2211","","","42-18 Junction Boulevard",""
"El Palo Bar","bar","","","","","",""
"El Potrero Sports Bar","bar","","","","","46-12 Greenpoint Avenue",""
"El Rodeo","bar","","","","","45-50 46th Street",""
"El Tahur","bar","","","","","4402 3rd Avenue",""
"Elmekkah Bar and Grill","pub","","+1-917-518-3475","","","277 Wyckoff Avenue",""
"Elsa","bar","","","","","",""
"Elvis","bar","","","","","54 Great Jones Street","New York"
"Emma Peel Room","bar","","+1-646-918-6529","","","266 Broome Street","New York"
"Employees Only","bar","","","","","510 Hudson Street",""
"Faccia Brutto","bar","","","","","1236 Atlantic Avenue",""
"Faces and Names","bar","","+1-212-586-9311","","","159 West 54th Street","New York"
"Fantastic Bar & Lounge","bar","","","","","4414 8th Avenue",""
"Farrell's","bar","","","","","",""
"Feile","pub","","","","","133 West 33rd Street",""
"Filthy Diamond","bar","","+1 347-240-5222","","","679 Knickerbocker Avenue","New York"
"Firewater Inn","bar","","","","","39-46 Skillman Avenue",""
"First Stop","bar","","+1 347-612-4754","","","27-08 Queens Plaza South","Long Island City"
"Fish Bar","bar","","","","","",""
"Fitzgerald's Pub","pub","","+1-212-679-6931","","","336 3rd Avenue",""
"Five & Dime","bar","","","","","",""
"Five Spot Jazz","bar","","","","","231 East 9th Street",""
"Florentin","bar","","","","","480 Amsterdam Avenue","New York"
"Flying Fox Tavern","bar","","+1 718-673-6384","","flyingfoxtavern","678 Woodward Avenue","Ridgewood"
"Flynn's Garden Inn","pub","","","","flynns_garden_inn","46-08 Skillman Avenue",""
"Focal Point Beer Co.","pub","","","","","43-50 12th Street","Long Island City"
"FourFiveSix","bar","","","","","199 Richardson Street","Brooklyn"
"Fritz","bar","","","","","",""
"Fulton Ale House","bar","","","","","1446 Fulton Street","Brooklyn"
"Fulton Grand","bar","","","","","439 Grand Avenue","Brooklyn"
"Galerie Bar","bar","","","","","",""
"Galicia Bar","bar","","","","","83-02 Northern Boulevard",""
"Gallow Green Rooftop Bar","bar","","","","","",""
"Gantry","bar","","","","","",""
"Gems Bar & Lounge","bar","","","","","",""
"George & Jacks Tap Room","bar","","","","","103 Berry Street","Brooklyn"
"Glen Patrick's","bar","","","","","53-73 65th Place","Maspeth"
"Go Next Door","bar","","","","","53 Little West 12th Street","New York"
"Golden Years","bar","","","","","221 North 4th Street",""
"Gomi","bar","","","","","186 Avenue A","New York"
"Gordon Bennett","bar","","+1-718-599-9109","","","109 South 6th Street",""
"Gossip","pub","","","","","",""
"Gotham City Lounge","bar","","","","","1298 Myrtle Avenue",""
"Gramercy Ale House","pub","","+1-646-678-3566","","","",""
"Great Hall Balcony Café & Bar","bar","","","","","",""
"Greenpoint Brewery","bar","","","","","",""
"Greenwich st. Tavern","bar","","","","","399 Greenwich Street",""
"Gun Hill Publick House","pub","","","","","34th Street",""
"Hana Lounge","bar","","","","","",""
"Handcraft","pub","","","","","367 3rd Avenue",""
"Happyfun Hideaway","bar","","+1-917-999-8282","","","1211 Myrtle Avenue",""
"Harry's Side Bar","bar","","","","","",""
"Hartley's","bar","","","","","14 Putnam Avenue",""
"Haven Rooftop Bar","bar","","","","","",""
"Heaven","bar","","","","https://www.instagram.com/heaven__nyc","4 Irving Avenue","Brooklyn"
"Heaven & Earth","bar","","","","","290 Nassau Avenue","Brooklyn"
"Hellgate on the Park","bar","","","","","19-19 Ditmars Boulevard",""
"Hendrickson's","bar","","","","","1122 1st Avenue",""
"Hinterlands","bar","","+1-718-633-0550","","","739 Church Avenue",""
"HOA","bar","","+1 718-255-1224","","","28-49 Steinway Street",""
"Holiday Cocktail Lounge","bar","","","","","",""
"Holland Bar","bar","","+1 212 502 4609","","","532 9th Avenue","New York"
"Hookah Lounge","bar","","","","","",""
"Hops Hill","bar","","","","","",""
"Horses and Divorces","bar","","","","","285 Bedford Avenue","Brooklyn"
"Hotel Delmano","bar","","","","","82 Berry Street",""
"Houndstooth Pub","bar","","","","","520 8th Avenue",""
"Idaho","bar","","","","","349 East 13th Street","New York"
"Idle Mind Tavern","bar","","","","","623 Manhattan Avenue",""
"Iggy's","bar","","","","","1452 2nd Avenue",""
"Iggy's","bar","","","","","",""
"Ilusion","bar","","+1-718-415-5019","","","",""
"Industry","bar","","","","","355 West 52nd Street",""
"Inhabit karaoke lounge","bar","","","","","",""
"International Bar","bar","","","","","102 1st Avenue","New York"
"Iridium Jazz Club","pub","","+12125822121","","","1650 Broadway",""
"Irish Bar","pub","","","","","",""
"Irish Haven","pub","","+1-917-399-5928","","@irish.haven","5721 4th Avenue",""
"Irish Whiskey Bar","bar","","","","","28-48 31st Street",""
"Jack Diamond's","pub","","","","","",""
"Jackdaw","pub","","","","","213 2nd Avenue","New York"
"Jackson's","bar","","","","","",""
"Jimmy at The James","bar","","","","","15 Thompson Street",""
"Jimmy’s","pub","","","","","156 West 38th Street",""
"joe’s pub","pub","","","","","",""
"Joe's Pub at the Public","bar","","","","","425 Lafayette Street","New York"
"John Devon's","bar","","","","","",""
"John Doe Bar & Kitchen","pub","","","","","253 Fifth Avenue","New York"
"Jones St. Wine Bar & Room","bar","","","","","122 East 7th Street",""
"Josie's","bar","","","","","520 East 6th Street",""
"Jr & Son","bar","","","","","575 Lorimer Street","Brooklyn"
"Katana Kitten","bar","","","","","",""
"Kelly's Bar","bar","","","","KellysOnCrescent","31-04 Crescent Street",""
"Kettle of Fish","bar","","","","","",""
"Killarney Rose","pub","","","","","",""
"Kinanm","bar","","+1-800-207-0048","","","",""
"King Cole Bar","bar","","","","","2 East 55th Street",""
"King Tai","bar","","","","","",""
"Kismet Garden","bar","","","","","",""
"Kubo","bar","","+1-571-320-9546","","","1013 Bedford Avenue","Brooklyn"
"Kween","bar","","","","","34-10 30th Avenue",""
"L'Angolo della Villetta","bar","","","","","944 1st Avenue",""
"La Candela","bar","","","","","25-79 Steinway Street",""
"La Chula","bar","","","","","",""
"La Perla","bar","","","","","",""
"Lady Jay's","bar","","+1-718-387-1029","","","633 Grand Street",""
"Le Bain","bar","","","","","444 West 13th Street",""
"Le Dive","bar","","","","","37 Canal Street",""
"Lebre Garden","pub","","","","","",""
"Legends","bar","","","","","35th Avenue",""
"Lelabar","bar","","","","","",""
"Liar Liar","bar","","","","","",""
"Life Rooftop Central Park","bar","","","","","",""
"Lillie's","bar","","","","","13 East 17th Street",""
"Lilly's","bar","","+1 212-799-4140","","","",""
"Lit at Shane's","bar","","+1-718-872-6900","","","",""
"Little Branch","bar","","","","","22 7th Avenue South",""
"Little Eva's","pub","","","","","",""
"Loft Bar @ 17","bar","","","","","",""
"Logan's Run","bar","","+1-917-909-0453","","","",""
"Lolita","bar","","","","","",""
"London & Martin Co.","bar","","","","","",""
"Lone Wolf","bar","","+1-718-455-2028","","","1089 Broadway","Brooklyn"
"Los Dos Hermanos","bar","","","","","266 Carlton Avenue",""
"Lot 45 Bushwick","bar","","+1-347-505-9155","","","411 Troutman Street",""
"Lou's Athletic Club","bar","","","","","",""
"LSC","bar","","","","","",""
"Luana’s Tavern","pub","","+1-929-298-0321","","","",""
"Lucy's Bar","bar","","","","","",""
"Luke Kelly's","pub","","","","","49-04 69th Street",""
"M.J. Smith's","pub","","","","","",""
"MacDougal Street Ale House","pub","","+1 212 254 0006","","","122 MacDougal Street","New York"
"Maggie Halls","pub","","","","","",""
"Maggie Reilly's","bar","","","","","340 9th Avenue","New York"
"Magic Hour","bar","","","","","485 7th Avenue","New York"
"Mai Tai's Bar and Kitchen","bar","","","","","1087 Broadway","Brooklyn"
"Malachy's Irish Bar","bar","","","","","103 West 72nd Street",""
"Mama'a Bar","bar","","","","","34 Avenue B",""
"Mangos","bar","","","","","",""
"Marco's","bar","","","","","1071 Broadway","Brooklyn"
"Marian's Brooklyn","bar","","","","","",""
"Market Bar & Brewery","bar","","+1-347-221-1772","","","1207 Nostrand Avenue",""
"Masha & The Bear","bar","","","","","771 Grand Street",""
"Mathilde","bar","","","","","",""
"Max Fish","bar","","","","","90 Delancey Street","New York"
"Maxwell’s","bar","","","","","5th Avenue",""
"Mc Carthy's","pub","","","","","",""
"McCaffrey & Burke","bar","","","","","28-54 31st Street",""
"McGuinness's Saloon","pub","","+1 718-729-9617","","","44-23 Queens Boulevard",""
"McKenna’s Bar","bar","","","","","250 West 14th Street",""
"McLoughlin's","bar","","","","","31-06 Broadway","Astoria"
"Megan's","pub","","","","","",""
"Merrion Row","pub","","","","","",""
"Metropolitan Bar","bar","","+1-718-599-4444","","","559 Lorimer Street",""
"Mezquila","pub","","","","","634 4th Avenue",""
"Mezze Bar","pub","","","","","691 9th Avenue",""
"Mi Casa Cantina","bar","","","","","",""
"Michael's Café & Bar","bar","","","","","",""
"Mickey Spillane's","bar","","","","","716 9th Avenue",""
"Midway","bar","","","","","272 Grand Street",""
"Mika","bar","","","","","25 Thames Street",""
"Mike Daddy's Pizza Bar","bar","","","","","",""
"Milano's Bar","bar","","","","","51 East Houston Street",""
"Minibar","bar","","+1-718-569-2321","","","",""
"Minnie's","bar","","+1-718-832-4855","","","",""
"Mirrors on Grand","bar","","+1-718-622-2277","","","284 Grand Avenue",""
"Mister Everything","bar","","","","https://www.instagram.com/mistereverything_nyc/","34-39 31st Street","Astoria"
"Mister Paradise","bar","","","","","105 1st Avenue",""
"Mixteca","bar","","","","","",""
"Mo's Bar","bar","","","","","80 Lafayette Avenue",""
"Montero's Bar","bar","","+1-646-729-4129","","","",""
"Mooney's Public House","bar","","","","","82-11 Eliot Avenue",""
"Mosaic","bar","","","","","25-19 24th Avenue",""
"Mother's Ruin","bar","","","","","18 Spring Street","New York"
"Mr. Lee's","bar","","","","","",""
"Mulberry Project","bar","","","","","149 Mulberry Street",""
"Murphy's Irish Pub","bar","","","","","",""
"Muse Paintbar","bar","","","","","329 Greenwich Street",""
"Mustang Harry's","bar","","","","","352 7th Avenue",""
"My Coral","pub","","+1-718-492-2009","","","5401 4th Avenue",""
"Nall's Irish Pub & Restaurant","pub","","","","","",""
"Nassau Bar","bar","","","","","118 Nassau Street","New York"
"Nightshade","bar","","","","","",""
"Nobody's Perfect","pub","","+1-646-448-4067","","","",""
"Noche de Margaritas","bar","","","","","",""
"NoMad Bar","bar","","","","","",""
"North Bar","bar","","","","","458 Greenwich Street","New York"
"North Pole","bar","","","","","428 Bergen Street","Brooklyn"
"Nostrand Avenue Pub","pub","","","","","",""
"Nostrand Station","bar","","","","","822 Nostrand Avenue",""
"Nuyorican Poets Cafe","bar","","","","","",""
"NY Cheviolotte Bar","bar","","","","","78-14 Roosevelt Avenue",""
"NYC A place For Gentleman","bar","","","","","",""
"O'Hanlon's","bar","","","","","22-55 31st Street",""
"O'Hanlons Bar","bar","","+1-212-533-7333","","","349 East 14th Street","New York"
"O'Hara's Pub","pub","","","","","",""
"O'Keefes Bar & Grill","pub","","+1-718-855-8751","","","62 Court Street",""
"Oak & Iron","bar","","+1-718-349-2252","","","",""
"off the wagon","bar","","","","","",""
"Old Man Hustle","bar","","","","","",""
"Old Rabbit Club","bar","","+1 212 254 0575","","","124 MacDougal Street",""
"Old Rabbit Club","bar","","","","","",""
"Old Town Bar","bar","","","","","",""
"Olde City","bar","","","","loveoldecity","1664 3rd Avenue",""
"Oldies","bar","","","","","",""
"Olive Tree Cafe","bar","","","","","",""
"Olympia Billiards Snooker Bar","bar","","","","","",""
"On The Rocks","bar","","","","","696 10th Avenue","New York"
"one bedford","bar","","","","","Bedford Avenue",""
"Ontario Bar","bar","","","","","559 Grand Street",""
"Ora Wine Bar","bar","","","","","18-01 Astoria Boulevard",""
"Oscar Wilde","bar","","","","","45 West 27th Street",""
"Overstory","bar","","","","","",""
"P.J. Leahy's","pub","","","","","5007 Vernon Boulevard","Long Island City"
"Paddy G's","bar","","","","","86-32A Broadway",""
"Panorama Bar","bar","","","","","",""
"Park Avenue Tavern","pub","","","","","",""
"Park Bar","bar","","","","","15 East 15th Street",""
"Parnell's","bar","","","","","963 1st Avenue",""
"Patent Pending","bar","","","","","",""
"Paul's Bar","bar","","","","","",""
"Peek Inn","bar","","","","","38 Driggs Avenue",""
"Peter Dillon's","pub","","","","","130 East 40th Street",""
"Petit Paulette","bar","","","","","136 DeKalb Avenue",""
"Phil Hughes Bar","bar","","+1 212-722-9415","","phil_hughes_bar","1682 1st Avenue",""
"Pieces Bar","bar","","","","","8 Christopher Street","New York"
"Pierre Loti","bar","","","","","",""
"Pig'n'Whistle","pub","","","","","58 West 48th Street","New York"
"Pilot","bar","","","","","",""
"Pine Box Rock Sbop","pub","","","","","12 Gratta",""
"Pink Metal","bar","","","","","253 Bushwick Avenue","Brooklyn"
"Pinkerton","bar","","","","","263 North 6th Street",""
"Planet Rose","bar","","","","","219 Avenue A","New York"
"Pluto","bar","","+1-347-504-5708","","","1130 Nostrand Avenue",""
"Pocha 32","bar","","+1 212-279-1876","","","15 West 32nd Street",""
"POD 39 Rooftop","bar","","","","","",""
"Pokito","bar","","","","","",""
"Pomo","bar","","","","@pomo.bk","2122 Beekman Place","Brooklyn"
"Porta 23","pub","","","","","",""
"Posh","bar","","","","","",""
"Prince","bar","","","","","75th Street",""
"Propaganda","bar","","","","","360 Bedford Avenue",""
"Puerto de Manta Restaurant and Bar","bar","","+1-347-965-6791","","","859 Wyckoff Avenue",""
"Puffy’s Tavern","bar","","","","","",""
"Putnam Armory","bar","","","","","",""
"Q NYC","bar","","","","","795 8th Avenue",""
"Queens El California Bar","bar","","","","","76-03 Roosevelt Avenue",""
"Queens Romantico Bar","bar","","","","","76-07 Roosevelt Avenue",""
"Ra-Ra Rhino","bar","","","","","1329 Willoughby Avenue","Brooklyn"
"Red Cali Lounge","bar","","","","","37-08 Main Street",""
"Red Cork","bar","","+1-212-707-8248","","","330 West 58th Street","New York"
"Red Hook Cidery","bar","","","","","",""
"Red Parrot Bar","bar","","","","","4124 8th Avenue",""
"refinery rooftop","bar","","","","","",""
"Reservoir","bar","","","","","70 University Place","New York"
"Riposo 72","bar","","+1-212-799-4140","","","50 West 72nd Street",""
"Ritmos 60","bar","","","","","32-23 Steinway Street","Astoria"
"Ritz Bar Lounge","bar","","","","","",""
"Rivercrest","bar","","","","","",""
"Rocka Rolla","bar","","","","","486 Metropolitan Avenue",""
"Rocky McBride's","bar","","","","","27-01 23rd Avenue",""
"Rogue Bar","bar","","","","","41-21 Greenpoint Avenue",""
"Romeos","bar","","","","","118 Saint Marks Place","New York"
"Roof Top at Public","bar","","","","","",""
"Rooftop Bar","bar","","","","","",""
"Rooftop Bar","bar","","","","","280 Park Avenue South",""
"Rosalie's","bar","","","","","Broadway",""
"Royal Underground","bar","","","","","36-10 30th Avenue","Astoria"
"Rum House","bar","","","","","228 West 47th Street","New York"
"Russian Vodka Room","bar","","","","","265 West 52nd Street",""
"Sahara New York","bar","","","","","25-62 Steinway Street",""
"Saint Vitus Bar","bar","","","","","1120 Manhattan Avenue","Brooklyn"
"Sake Bar Shigure","bar","","+1 212-965-0200","","","277 Church Street",""
"Sally's Bar","pub","","","","","",""
"Salon de Ning","bar","","","","","700 5th Avenue",""
"Sanger Hall","bar","","","","","48-20 Skillman Avenue",""
"Santa Maria","bar","","","","","",""
"Sapphire Lounge","bar","","","","","",""
"Scorpion","bar","","","","","",""
"Scrappleland","bar","","","","","1150 Manhattan Avenue","Brooklyn"
"Sea Witch","pub","","","","","",""
"Seaborne","bar","","+1-718-852-4888","","","228 Van Brunt Street",""
"Seán Óg's","pub","","","","","60-02 Roosevelt Avenue",""
"Sean's Bar and Kitchen","pub","","","","","42 West 48th Street","New York"
"Second Chance Saloon","bar","","+1-718-387-4411","","","659 Grand Street",""
"Selune","bar","","","","","",""
"Selva","bar","","","","selva_nyc","1329 Willoughby Avenue","Brooklyn"
"Seneca Bar","bar","","","","","6-81 Seneca Avenue",""
"Seneca Fiesta Corporation","bar","","+1-718-366-6011","","","603 Seneca Avenue",""
"Shade Bar","bar","","","","","241 Sullivan Street","New York"
"Shades of Green","pub","","","","","",""
"Shaka Shaka Tiki","bar","","+1-347-689-3184","","","64 6th Avenue","Brooklyn"
"Sharlene's Bar","bar","","","","","353 Flatbush Avenue","Brooklyn"
"Shenanigans","pub","","+1-718-633-3689","","","",""
"Side","bar","","","","","",""
"Silverleaf Tavern","pub","","","","","70 Park Avenue",""
"Sing Sing","bar","","","","","81 Avenue A",""
"Sir John's NY","pub","","+1-646-308-1336","","","18 West 33rd Street",""
"Sissy McGinty's","bar","","","","","25-67 Steinway Street","Astoria"
"Skinny Dennis","bar","","","","","152 Metropolitan Avenue","Brooklyn"
"Sky Room","bar","","","","","",""
"Skylark","bar","","","","","",""
"Slate","bar","","","","","54 West 21st Street","New York"
"Sly Fox","bar","","","","","142 2nd Avenue",""
"Smith's Tavern","pub","","","","","",""
"Smithfield Hall","bar","","","","","",""
"Snafu Bar","bar","","","","","",""
"Soft Bar","bar","","","","","200 Banker Street",""
"Somebody's Darling","bar","","","","somebodys_darling_nyc","1664 1st Avenue",""
"Sophie’s","bar","","","","","507 East 5th Street",""
"South","bar","","","","","",""
"Souths","pub","","","","","273 Church Street",""
"Spikes","bar","","","","","",""
"Spirit & Bell","bar","","","","","",""
"Split Eights","bar","","","","","",""
"Spyglass Rooftop","bar","","","","","",""
"St Mazie","bar","","","","","",""
"St. Cloud Rooftop Bar","bar","","","","","",""
"St. Dymphna’s","bar","","","","","117 Avenue A",""
"St. Jardim","bar","","","","","",""
"Standings","bar","","+1-212-420-0671","","","43 East 7th Street","New York"
"Station Bar","bar","","","","","39-50 61st Street",""
"Stickett Inn","bar","","","","","157 1st Avenue",""
"Stone & Soil","bar","","","","","",""
"Stout NYC - FiDi","pub","","+12122409122","","","90 John Street","New York"
"Strangelove Bar NYC","bar","","","","","",""
"Studio Bar","bar","","","","","",""
"Sweet & Vicious","bar","","","","","",""
"Sweet Brooklyn","bar","","","","","608 Nostrand Avenue","Brooklyn"
"Sweet Polly","bar","","","","","71 6th Avenue","Brooklyn"
"Sweet Science","pub","","","","","135 Graham Avenue",""
"Tailor Public House","bar","","+1-646-494-4900","","","505 8th Avenue",""
"Talea","pub","","","","","Leonard Street",""
"Taqueria St. Marks Place","pub","","+1-646-964-5614","","","",""
"Tarros Bar","bar","","","","","111-13 Roosevelt Avenue","Corona"
"Temple Bar","bar","","","","","",""
"Tequila Time","bar","","+1-347-689-2793","","","675 Seneca Avenue",""
"Terrace Bar","bar","","","","","",""
"terroir at the porch","bar","","","","","",""
"The Bar","bar","","","","","",""
"The Bar at Café Kitsuné","bar","","","","","104 Bond Street",""
"The Bar at Peaches","bar","","","","","",""
"The Barlow","bar","","+1-347-533-4067","","","655 Grand Avenue",""
"The Baroness","bar","","","","","41-26 Crescent Street",""
"The Bearded Lady","bar","","","","","686A Washington Avenue","Brooklyn"
"The Bedford","bar","","+17183021002","","","110 Bedford Avenue",""
"The Beer Garage","bar","","","","","412 Douglass Street",""
"The Beerkeeper","bar","","","","","58-15 Woodside Avenue",""
"The Billiard Company","bar","","","","","Austin Street","Forest Hills"
"The Binc","bar","","+1-718-624-1444","","","60 Henry Street",""
"The Black Hound","bar","","","","","301 South End Avenue",""
"The Black Sheep","pub","","","","","593 3rd Avenue",""
"The Blasket","pub","","","","","1085 2nd Avenue",""
"The Blonde","bar","","","","","11 Howard Street",""
"The Brewery","bar","","","","","49-18 30th Avenue",""
"The Brooklyn Inn","bar","","+1-718-522-2525","","","148 Hoyt Street",""
"The Brooklyneer","bar","","","","","220 West Houston Street","New York"
"The Cantor Roof Garden Bar","bar","","","","","",""
"The Canuck","bar","","","","","",""
"The Cat","bar","","+1-646-626-6635","","","",""
"The Cetli House","pub","","","","","Grand Avenue",""
"the Chelsea Bell","bar","","","","","316 8th Avenue",""
"The Comedy Shop","bar","","","","","167 Bleecker Street","New York"
"The Courtyard Ale House","pub","","","","","40-18 Queens Boulevard",""
"The Coyote Club","bar","","","","","417 Throop Avenue",""
"The Delancey","bar","","","","","168 Delancey Street","New York"
"The Drift","bar","","","","","579 Meeker Street",""
"The Drink","bar","","","","","",""
"The Emerson","bar","","","","","",""
"The Four Horsemen","bar","","","","","295 Grand Street","Brooklyn"
"The GAF","bar","","+1-212-722-6300","","thegafnyc","1696 2nd Avenue",""
"The Garret Coctelería","bar","","","","","349 Broome Street",""
"The Goat","bar","","","","","43-17 Queens Boulevard",""
"The Grand","bar","","","","","37-05 30th Avenue",""
"The Gray Mare","pub","","","","","",""
"The Greats of Craft","bar","","","","","983 1st Avenue",""
"The Guthrie Inn","bar","","","","","1259 Park Avenue",""
"The Halfway Line","bar","","","","","59-10 Woodside Avenue",""
"The Headless Widow","bar","","","","","99 1st Avenue","New York"
"The Highlight Room","bar","","+1 212-481-3763","","","145 Bowery","New York"
"The Huntress","bar","","","","","24-03 41st Street",""
"The Immigrant","bar","","","","","341 East 9th Street",""
"The Independent","bar","","","","","147 West 40th Street",""
"The Infamous","bar","","","","","21-15 46th Road",""
"The Irish American","bar","","","","","",""
"The Irish Exit","bar","","","","","",""
"The Irish Punt","pub","","+1 212-422-7868","","","40 Exchange Place","New York"
"The Jar","bar","","+1 718-784-9616","","","45-06 48th Avenue",""
"The Jeffrey","pub","","+1 212-355-2337","","","311 East 60th Street",""
"The Johnson's","bar","","+1-718-417-7100","","","369 Troutman Street","Brooklyn"
"The Last Resort","bar","","","","","",""
"The Leftove Inn","bar","","","","","",""
"The Levee","bar","","","","","212 Berry Street","Brooklyn"
"The Library","bar","","+1-212-375-1352","","","7 Avenue A","New York"
"The Lions","bar","","","","","132 1st Avenue","New York"
"The Little Shop","bar","","","","","252 Front Street",""
"The Live Oak","pub","","+1-718-326-4920","","","59-94 Fresh Pond Road",""
"The Local","bar","","","","","41-04 31st Avenue",""
"The Long Hall","pub","","","","","58 East 34th Street",""
"The Lost & Found","bar","","+1 212-564-7515","","","372 8th Avenue",""
"The Magician","bar","","+1-212-673-7851","","","118 Rivington Street","New York"
"The Mallard Drake","bar","","","","","43 Franklin st",""
"The Moonlight Mile","bar","","","","","200 Franklin Street",""
"The Narrows","bar","","","","","",""
"The Pencil Factory","bar","","","","","",""
"The Polo Bar","bar","","","","","1 East 55th Street",""
"The Polynesian","bar","","","","","400 West 42nd Street",""
"The Quays","bar","","","","","",""
"The Raven Pub","bar","","","","","",""
"The Red Pavilion","bar","","","","","1241 Flushing Avenue",""
"The Red Stache","bar","","","","","401 West 52nd Street",""
"The Richardson","bar","","","","","",""
"The Ridgewood Ale House","bar","","","","","5738 Myrtle Avenue","Ridgewood"
"The Ripple Room","bar","","","","","183 Bowery",""
"The Rogers Garden","bar","","","","","",""
"The Roof","pub","","","","","",""
"The Scratcher","pub","","+1-212-477-0030","","","209 East 5th Street","New York"
"The Shannon Pot","pub","","","","","10-50 44th Drive",""
"The Shanty","bar","","","","","",""
"The Spotted Dog","bar","","","","","1154 1st Avenue","New York"
"The Spotted Owl","bar","","","","","211 Avenue A",""
"The Standard Rooftop Bar","bar","","","","","",""
"The Strand Smokehouse","biergarten","","","","","25-27 Broadway","Astoria"
"The Turkey's Nest","bar","","","","","94 Bedford Avenue",""
"The Upside","bar","","+1-917-261-6842","","","588 Amsterdam Avenue","New York"
"The Village Vanguard","bar","","+12122554037","","","",""
"The Wheeltapper Pub","pub","","","","","141 East 44th Street","New York"
"The Whiskey Brooklyn","bar","","","","","44 Berry Street","Brooklyn"
"The White Elephant","bar","","","","","1065 Manhattan Avenue",""
"The Wild Goose","bar","","","","","54-20 Roosevelt Avenue",""
"The Windjammer","bar","","+1-718-821-9779","","","552 Grandview Avenue","Ridgewood"
"The Wolfhound","bar","","","","","38-14 30th Avenue",""
"The Woodlot","bar","","","","","61-04 Woodside Avenue",""
"The Zombie House","bar","","","","","734 Flatbush Avenue",""
"Tía Pol","bar","","","","","",""
"Tijuana Restaurant Bar","bar","","","","","64-01 Roosevelt Avenue","Woodside"
"Tile Bar","bar","","","","","115 1st Avenue",""
"Tip-Top","bar","","","","","",""
"Tipsy Grape","bar","","","","","",""
"Toad Hall","bar","","","","","",""
"Tom & Jerry","bar","","","","","",""
"Tom & Joan's Whiskey Bar","bar","","","","","",""
"Tompkins Square Bar","bar","","","","","110 Avenue A","New York"
"Top of the strand","bar","","","","","",""
"Tracks","bar","","","","","220 West 31st Street",""
"Trailer Park Lounge","bar","","","","","",""
"Treasure Club","bar","","","","","",""
"Tres Coronas","bar","","","","","",""
"Tres Jolie Cafe","bar","","","","","",""
"Tribeca Tavern","bar","","+1-212-941-7671","","","247 West Broadway",""
"Trinity Place Bar and Restaurant","pub","","","","","115 Broadway",""
"Triona's","pub","","","","","237 Sullivan Street","New York"
"Triple Crown","pub","","","","","328 7th Avenue",""
"Trump Bar","bar","","","","","",""
"TV Eye NYC","bar","","","","https://www.instagram.com/tveyenyc/","16-47 Weirfield Street","Ridgewood"
"Twins","bar","","","","","421 9th Avenue","New York"
"Two Perrys","bar","","","","","127 Avenue C",""
"Two Saints","bar","","","","","",""
"Two Tigers","bar","","","","","685 Franklin Avenue","Brooklyn"
"Uncle Charlie’s Piano Lounge","bar","","+1-646-476-9532","","","139 East 45th Street","New York"
"Uncle Roger's","bar","","","","","704 Nostrand Avenue",""
"Underhill","pub","","+1-718-484-3744","","","760 Dean Street","Brooklyn"
"Union Grounds","bar","","","","","",""
"Uno Cafe and Billiards","bar","","","","","78-01 Roosevelt Avenue",""
"Up & Down","bar","","","","","",""
"Up and Up","bar","","","","","",""
"Up Stairs Bar","bar","","","","","",""
"Vanguard Wine Bar","bar","","","","","189 Amsterdam Avenue","New York"
"Vazacs Horseshoe Bar","bar","","","","","108 Avenue B","New York"
"Ven Hue","bar","","","","","",""
"Vero Social","bar","","","","","1149A 2nd Avenue","New York"
"Veronica's Bar","bar","","","","","",""
"Vig Bar","bar","","","","","12 Spring Street","New York"
"Villains Hideout","bar","","","","","",""
"Vin Sur Vingt","bar","","","","","170 2nd Avenue",""
"Waiting On A Friend","bar","","","","","206 Avenue A",""
"Wandering Barman","bar","","","","","315 Meserole Street",""
"Washington Commons","bar","","+1-718-230-3666","","","748 Washington Avenue","Brooklyn"
"Water Tower Bar","bar","","","","","96 Wythe Avenue",""
"Watermark Bar","biergarten","","","","","",""
"Weather Up","bar","","","","","",""
"Welcome to the Johnsons","bar","","+1 212-420-9911","","","123 Rivington Street","New York"
"West End Bar & Grill","pub","","","","","",""
"Westland Roe Bar and Kitchen","pub","","","","","176 West 72nd Street","New York"
"Westlight","bar","","","","","North 12th Street","Brooklyn"
"Whiskey Tavern","pub","","+1 212 374 9119","","","79 Baxter Street","New York"
"Whiskey Town","bar","","+1-212-505-7344","","","29 East 3rd Street",""
"Wilka's Sports Bar","bar","","","","","241 Bowery","New York"
"William Barnacle Tavern","bar","","","","","",""
"Winner's Bar","bar","","","","","82-67 Broadway",""
"Wolfe Tone's","pub","","","","","37E East 29th Street",""
"Yawning Cobra","bar","","","","","356 Bowery","New York"
"Zen Astorua","bar","","","","","",""
"Zig Zag","bar","","","","","382 Marcus Garvey Boulevard",""
"Zizi's Wine Bar","bar","","","","","45 John Street","New York"
"Zombie Hut","bar","","+1-718-875-3433","","","",""